Frase,Emoji
"Hoy me siento increÃ­ble, como si todo estuviera bien",ğŸ˜Š
Este dÃ­a ha sido el mejor de todos,ğŸ˜Š
La felicidad estÃ¡ en las pequeÃ±as cosas,ğŸ˜Š
"Hoy me encontrÃ© con un viejo amigo, Â¡quÃ© alegrÃ­a!",ğŸ˜Š
"No puedo dejar de sonreÃ­r, todo estÃ¡ marchando bien",ğŸ˜Š
Estoy muy emocionado por el fin de semana,ğŸ˜Š
"Hoy, por fin, logrÃ© lo que tanto querÃ­a",ğŸ˜Š
"Todo saliÃ³ como esperaba, estoy feliz",ğŸ˜Š
Hoy recibÃ­ buenas noticias y estoy muy contento,ğŸ˜Š
"Me siento sÃºper bien, como si nada pudiera detenerme",ğŸ˜Š
"Estoy muy triste hoy, no tengo ganas de nada",ğŸ˜¢
Siento que las cosas no van bien y me deprimo,ğŸ˜¢
"Es uno de esos dÃ­as grises, me siento solo/a",ğŸ˜¢
"Hoy todo saliÃ³ mal, no puedo evitar estar triste",ğŸ˜¢
"No encuentro consuelo, me siento vacÃ­o/a",ğŸ˜¢
"La tristeza me invade, hoy fue un dÃ­a muy difÃ­cil",ğŸ˜¢
"Mis Ã¡nimos estÃ¡n por los suelos, nada parece mejorar",ğŸ˜¢
"Me siento tan solo/a hoy, nada parece tener sentido",ğŸ˜¢
"Algunas veces todo me parece tan complicado, hoy estoy triste",ğŸ˜¢
"No me gusta sentirme asÃ­, pero hoy solo quiero estar triste",ğŸ˜¢
Â¡QuÃ© rico! Hoy comerÃ© una pizza de queso,ğŸ•
"Tengo un hambre voraz, unas papas fritas serÃ­an geniales",ğŸ•
"Hoy cenarÃ© una pizza gigante, ya me estÃ¡ dando antojo",ğŸ•
A veces no hay nada mejor que una pizza para la cena,ğŸ•
Â¿Alguien mÃ¡s tiene antojo de pizza? Â¡Yo sÃ­!,ğŸ•
Unas buenas hamburguesas son lo que mÃ¡s necesito,ğŸ•
Mi comida favorita: pizza con todo,ğŸ•
Las pizzas siempre son una buena opciÃ³n,ğŸ•
Hoy me di un gusto con una gran pizza,ğŸ•
A veces lo Ãºnico que quiero es comida rÃ¡pida y deliciosa,ğŸ•
Estar con esa persona me llena de felicidad,â¤ï¸
Hoy me siento tan afortunado/a de tener a alguien tan especial,â¤ï¸
No puedo dejar de pensar en lo increÃ­ble que es estar con Ã©l/ella,â¤ï¸
Cada momento con esa persona hace mi dÃ­a mejor,â¤ï¸
Nada me hace mÃ¡s feliz que estar a su lado,â¤ï¸
"El amor se siente tan intenso, estoy muy agradecido/a",â¤ï¸
Hoy siento que el amor estÃ¡ en el aire,â¤ï¸
"Cuando estoy con Ã©l/ella, todo parece estar en su lugar",â¤ï¸
No hay mejor sensaciÃ³n que saber que alguien te quiere,â¤ï¸
Hoy recibÃ­ un mensaje tan bonito que me hizo sonreÃ­r,â¤ï¸
"Estoy lleno de energÃ­a, hoy voy a entrenar sin parar",ğŸ”¥
"Nada me detiene hoy, me siento como un superhÃ©roe",ğŸ”¥
Hoy es uno de esos dÃ­as en los que puedo hacer cualquier cosa,ğŸ”¥
"Hoy es el dÃ­a para empezar un nuevo proyecto, Â¡con mucha energÃ­a!",ğŸ”¥
"Tengo tantas ganas de hacer ejercicio hoy, no puedo esperar",ğŸ”¥
"Mi energÃ­a estÃ¡ por las nubes, voy con todo",ğŸ”¥
"Siento que hoy va a ser un gran dÃ­a, Â¡tengo toda la actitud!",ğŸ”¥
"No puedo parar, hoy todo lo que haga serÃ¡ increÃ­ble",ğŸ”¥
"Hoy estoy motivado/a, voy a hacer todo lo posible para mejorar",ğŸ”¥
Hoy me siento con tanta energÃ­a que podrÃ­a hacer cualquier cosa,ğŸ”¥
