title,total_sales,critic_score
.hack//G.U. Vol.2//Reminisce,0.23,6.2
.hack//G.U. Vol.3//Redemption,0.17,5.7
.hack//Infection Part 1,1.27,7.7
.hack//Mutation Part 2,0.68,7.5
.hack//Outbreak Part 3,0.46,7.1
.hack//Quarantine Part 4: The Final Chapter,0.18,6.8
007 Legends,0.13,4.2
007 Racing,0.53,6.1
007: Quantum of Solace,3.86,6.666666666666667
007: The World is Not Enough,1.55,7.4
007: The World is not Enough,0.92,6.4
007: Tomorrow Never Dies,3.21,6.2
100 Classic Books,0.67,4.0
18 Wheeler: American Pro Trucker,0.51,5.5
2002 FIFA World Cup,0.64,7.65
2010 FIFA World Cup South Africa,2.9699999999999998,7.55
2014 FIFA World Cup Brazil,1.1,7.6
2Xtreme,1.4,8.3
300: March to Glory,0.41,4.9
3D Baseball,0.03,7.6
3D Lemmings,0.06,7.0
3Xtreme,0.9,2.9
40 Winks,0.31,5.5
4X4 EVO 2,0.14,5.1
50 Cent: Blood on the Sand,0.4,7.25
50 Cent: Bulletproof,0.09,5.5
7 Wonders of the Ancient World,0.08,5.4
7th Dragon III Code: VFD,0.24,7.5
"999: Nine Hours, Nine Persons, Nine Doors",0.37,7.9
A Boy and His Blob,0.21,7.9
A Bug's Life,3.42,4.85
A Collection of Activision Classic Games for the Atari 2600,1.37,3.8
A Collection of Intellivision Classic Games,0.31,4.3
A Game of Thrones: Genesis,0.03,4.9
A Sound of Thunder,0.0,6.8
A Way Out,0.72,7.8
A Witch's Tale,0.11,5.0
A-Train,0.08,6.0
A-Train HX,0.0,2.0
AC/DC LIVE: Rock Band Track Pack,0.23,6.7
ARK: Survival Evolved,0.08,4.0
ATV Offroad Fury,2.41,8.4
ATV Offroad Fury 2,2.18,8.7
ATV Offroad Fury 3,1.2,7.5
ATV Offroad Fury Pro,0.46,7.6
ATV Offroad Fury: Blazin' Trails,0.57,5.9
ATV: Quad Power Racing,0.26,5.5
Academy of Champions: Soccer,0.12,7.1
Ace Attorney Investigations: Miles Edgeworth,0.7,7.7
Ace Combat: Assault Horizon,1.23,7.25
Ace Combat: Assault Horizon Legacy,0.25,7.0
Ace Combat: Joint Assault,0.29,7.0
Act of War: Direct Action,0.0,8.2
Act of War: High Treason,0.0,6.8
Action Bass,1.14,5.1
Activision Anthology,0.05,8.0
Activision Hits: Remixed,0.05,7.4
Adidas Power Soccer,0.04,7.0
Adidas Power Soccer 98,0.02,5.8
Adrenalin Misfits,0.14,4.7
Advance Guardian Heroes,0.04,7.0
Advance Wars,0.7,9.4
Advance Wars 2: Black Hole Rising,0.65,8.8
Advance Wars: Days of Ruin,0.61,8.4
Advance Wars: Dual Strike,0.39,9.0
Adventure Time: Explore the Dungeon Because I Don't Know!,0.04,2.8
Aedis Eclipse: Generation of Chaos,0.02,5.8
Aegis of Earth: Protonovus Assault,0.04,4.0
Aero Gauge,0.07,4.5
Aero The Acro-Bat,0.0,7.2
AeroFighters Assault,0.19,5.4
Afrika,0.22,6.0
Afro Samurai,0.44,6.45
After Burner: Black Falcon,0.01,7.4
Again,0.07,6.0
Agatha Christie: The ABC Murders,0.1,6.0
Age of Conan: Rise of the Godslayer,0.03,7.9
Age of Empires Online,0.06,7.0
Age of Empires: Mythologies,0.21,8.2
Age of Mythology: The Titans,0.06,8.2
Aggressive Inline,0.48,8.475
Agony,0.03,5.0
Aidyn Chronicles: The First Mage,0.1,6.0
Aion: Tower of Eternity,0.0,7.4
Air Conflicts: Aces of World War II,0.05,3.3
Air Conflicts: Secret Wars,0.08,6.0
Air Traffic Chaos,0.05,6.8
AirForce Delta Storm,0.02,7.5
Akuji the Heartless,0.12,6.7
Alan Wake,1.33,8.3
Alex Rider: Stormbreaker,0.07,4.0
Alexi Lalas International Soccer,0.07,4.4
Alice in Wonderland,0.99,6.65
Alice: Madness Returns,1.21,6.766666666666667
Alien Hominid,0.09,8.3
Alien Syndrome,0.14,5.050000000000001
Alien Trilogy,0.47,8.0
Alienators: Evolution Continues,0.03,7.0
Aliens versus Predator,0.01,8.7
Aliens vs Predator,2.1,6.05
Aliens: Infestation,0.17,8.5
All Grown Up! Express Yourself,0.18,3.7
All Points Bulletin,0.04,7.0
All Star Tennis 99,0.05,5.1
All-Pro Football 2K8,0.26,7.5
All-Star Baseball 2001,0.23,9.2
All-Star Baseball 2002,0.22,6.5
All-Star Baseball 2003,0.3,8.2
All-Star Baseball 2004,0.07,7.4
Allied General,0.19,6.3
Alone In The Dark,0.18,3.1
Alone in the Dark,0.49,6.3
Alone in the Dark: The New Nightmare,0.16,7.2
Alpha Protocol,0.39,6.8
Altered Beast: Guardian of the Realms,0.09,6.5
Alundra,0.23,8.8
Alundra 2: A New Legend Begins,0.27,7.1
Amazing Island,0.06,7.1
America's Army: True Soldiers,0.08,4.5
America's Test Kitchen: Let's Get Cooking,0.27,8.5
American Bass Challenge,0.05,6.7
Amped 3,0.16,7.2
Andretti Racing,0.77,7.3
Animal Boxing,0.03,6.1
Animal Crossing: Amiibo Festival,0.49,4.8
Animorphs: Shattered Reality,0.06,3.5
Anno 1701: Dawn of Discovery,0.13,8.0
Anno 2070,1.4,8.7
Another Code R: A Journey into Lost Memories,0.06,5.9
Anubis II,0.07,1.5
Apache: Air Assault,0.16,6.8
Ape Academy 2,0.0,6.4
Ape Escape,1.63,9.3
Ape Escape 2,0.63,8.0
Ape Escape 3,0.13,7.8
Ape Escape Academy,0.33,5.3
Ape Escape: On the Loose,0.7,6.6
Apocalypse,0.45,6.7
Apollo Justice: Ace Attorney,0.99,8.0
Aquaman: Battle for Atlantis,0.01,2.4
Ar tonelico 2: Melody of Metafalica,0.18,7.2
Ar tonelico Qoga: Knell of Ar Ciel,0.24,7.0
Ar tonelico: Melody of Elemia,0.1,7.0
Arc the Lad: Twilight of the Spirits,0.36,7.3
Arcade Party Pak,0.11,7.6
Arcana Heart,0.16,8.1
Arcana Heart 3,0.2,7.0
Arcania: Gothic 4,0.27,6.0
Archer Maclean's Mercury,0.56,7.7
Are You Smarter than a 5th Grader? Game Time,0.12,4.0
Area 51,0.45,7.7
Armored Core,0.41,7.2
Armored Core 4,0.45,6.55
Armored Core SL: Silent Line Portable,0.03,5.8
Armored Core: For Answer,0.33999999999999997,6.3
Armored Core: Formula Front Extreme Battle,0.05,6.7
Armored Core: Last Raven Portable,0.03,5.0
Armored Core: Master of Arena,0.26,7.2
Armored Core: Project Phantasma,0.28,7.2
Armorines: Project S.W.A.R.M.,0.34,4.7
Army Men Advance,0.0,6.1
Army Men: Air Combat,0.24,7.6
Army Men: Air Combat - The Elite Missions,0.01,3.8
Army Men: Operation Green,0.0,6.2
Army Men: RTS,0.18,6.5
Army Men: Sarge's Heroes,0.81,4.2
Army Men: Sarge's Heroes 2,0.42,6.0
Army of Two,2.8099999999999996,7.050000000000001
Army of Two: The 40th Day,2.16,6.333333333333333
Around the World in 80 Days,0.05,3.5
Ashes Cricket 2009,0.17,6.8
Asphalt 3D,0.49,4.0
Asphalt: Urban GT,0.59,5.0
Assassin's Creed,11.29,8.0
Assassin's Creed II,11.41,8.866666666666667
Assassin's Creed II: Discovery,0.28,7.3
Assassin's Creed III,7.75,8.366666666666667
Assassin's Creed IV: Black Flag,13.709999999999999,8.466666666666667
Assassin's Creed Odyssey,3.18,9.5
Assassin's Creed Rogue Remastered,0.04,6.0
Assassin's Creed Syndicate,3.6,8.6
Assassin's Creed: Altair's Chronicles,0.05,5.7
Assassin's Creed: Bloodlines,1.26,6.3
Assassin's Creed: Brotherhood,6.97,8.966666666666667
Assassin's Creed: Revelations,8.45,8.350000000000001
Assetto Corsa,0.02,6.0
Asterix and Obelix XXL2,0.06,6.5
Asteroids Hyper 64,0.16,5.6
Astonishia Story,0.03,4.8
Astro Bot Rescue Mission,0.71,8.5
Astro Boy: Omega Factor,0.09,8.8
Astro Boy: The Video Game,0.36,5.425
Atari Anniversary Advance,0.18,7.7
Atelier Iris 2: The Azoth Of Destiny,0.06,6.8
Atelier Iris 3: Grand Phantasm (US Sales),0.29,6.1
Atelier Iris: Eternal Mana,0.15,7.2
Atelier Rorona: Alchemist of Arland,0.48,6.4
Atelier Totori: The Adventurer of Arland,0.43,7.8
Atomic Betty,0.03,6.0
Attack on Titan 2,0.54,7.266666666666667
Auto Modellista,0.03,5.9
Avalon Code,0.24,7.1
Avatar: The Last Airbender,0.61,5.75
Axiom Verge,0.17,7.5
Azure Dreams,0.13,7.4
BIT.TRIP COMPLETE,0.09,8.1
BIT.TRIP SAGA,0.14,7.5
BUZZ! Quiz World,0.92,7.8
Babysitting Mama,0.49,3.8
Back to the Future: The Game,0.05,7.55
BackTrack,0.0,5.2
Backbreaker,0.18,5.2
Backstreet Billiards,0.34,7.2
Backyard Basketball,0.18,6.0
Backyard Hockey,0.2,6.0
Backyard NFL Football 2006,0.03,5.5
Backyard Wrestling: Don't Try This at Home,0.77,6.0
Bad Boys: Miami Takedown,0.05,4.3
Baja: Edge of Control,0.41000000000000003,5.0
Bakugan: Battle Brawlers,1.38,6.4
Baldur's Gate: Dark Alliance,0.17,7.85
Baldur's Gate: Dark Alliance II,0.68,7.8
Ballistic,0.04,7.9
Ballistic: Ecks vs. Sever,0.1,7.3
Band Hero,3.38,6.9799999999999995
Bangai-O Spirits,0.08,8.4
Banjo-Kazooie,0.01,7.0
Banjo-Kazooie: Grunty's Revenge,0.33,6.6
Banjo-Kazooie: Nuts & Bolts,0.76,8.0
Banjo-Pilot,0.1,6.2
Barbie Groovy Games,0.56,3.0
Barbie as The Island Princess,0.23,5.5
Barbie as the Princess and the Pauper,0.02,6.0
Barnyard,0.05,5.6
Baroque,0.08,5.2
Baseball Advance,0.13,8.3
Bass Hunter 64,0.31,6.0
Baten Kaitos Origins,0.1,7.5
Baten Kaitos: Eternal Wings and the Lost Ocean,0.27,8.2
Batman & Robin,0.11,5.4
Batman Begins,0.17,6.3
Batman Beyond: Return of the Joker,0.09,2.0
Batman Forever: The Arcade Game,0.03,5.2
Batman: Arkham Asylum,7.82,9.05
Batman: Arkham City,10.29,9.55
Batman: Arkham City Armored Edition,0.37,8.6
Batman: Arkham Knight,4.11,8.1
Batman: Arkham Origins Blackgate,0.27,7.0
Batman: Dark Tomorrow,0.08,2.3
Batman: Rise of Sin Tzu,0.07,5.5
Batman: The Brave and the Bold the Videogame,0.5800000000000001,7.5
Batman: Vengeance,0.99,6.766666666666667
Battalion Wars 2,0.34,7.7
Battle B-Daman,0.01,6.0
Battle Chasers: Nightwar,0.05,8.5
Battle Fantasia,0.09999999999999999,7.0
BattleBots: Beyond the BattleBox,0.06,5.8
Battlebots: Design & Destroy,0.44,4.0
Battlefield 1,13.16,9.166666666666666
Battlefield 2: Modern Combat,1.4100000000000001,7.633333333333333
Battlefield 3,17.32,8.633333333333333
Battlefield 4,11.120000000000001,8.566666666666666
Battlefield: Bad Company,2.8,8.6
Battlefield: Bad Company 2,7.16,8.9
Battles of Prince of Persia,0.12,5.6
Battlestations: Midway,0.01,7.7
Battlezone: Rise of the Black Dogs,0.07,7.3
Bayonetta,2.14,8.75
Beach Spikers: Virtua Beach Volleyball,0.1,7.1
Beaterator,0.11,7.9
Beautiful Katamari,0.32,7.3
Bee Movie Game,0.62,6.4
Beetle Adventure Racing!,0.62,9.2
Ben 10: Alien Force,0.6,5.2
Beowulf: The Game,0.4,4.9
BeyBlade VForce: Super Tournament Battle,0.21,2.5
Beyblade G-Revolution,0.2,2.4
Beyond Good & Evil,0.33,8.3
Beyond The Beyond,0.57,4.8
Big Bang Mini,0.06,8.0
Big Bumpin',0.0,6.7
Big Mutha Truckers,0.04,5.0
Billy Hatcher and the Giant Egg,0.25,7.3
Bio FREAKS,0.14,6.2
BioShock,4.27,9.45
BioShock 2,3.75,8.55
BioShock Infinite,1.82,9.5
Bionicle,0.21,4.8
Bionicle Heroes,0.28,5.88
Black,1.25,7.7
Black Sigil: Blade of the Exiled,0.05,6.0
Blacksite: Area 51,0.57,6.3
Blackthorne,0.01,7.1
Blade Strangers,0.04,8.3
Bladestorm: The Hundred Years' War,0.37,6.35
Blast Corps,0.71,9.1
Blast Radius,0.07,6.6
"Blast Works: Build, Trade, Destroy",0.1,8.2
Blaster Master: Blasting Again,0.25,7.7
Blasto,0.35,4.6
BlazBlue: Calamity Trigger,0.9299999999999999,8.5
BlazBlue: Calamity Trigger Portable,0.11,7.9
BlazBlue: Continuum Shift,0.73,8.649999999999999
BlazBlue: Continuum Shift II,0.24,6.75
BlazBlue: Cross Tag Battle,0.07,8.0
Blazing Angels 2: Secret Missions of WWII,0.29000000000000004,7.4
Blazing Angels: Squadrons of WWII,2.04,6.36
Blazing Dragons,0.15,6.6
Bleach: Shattered Blade,0.32,5.3
Bleach: Soul Resurreccion,0.51,6.7
Bleach: The Blade of Fate,0.45,8.2
Blender Bros.,0.02,7.4
Blinx 2: Masters of Time & Space,0.15,6.8
Blinx: The Time Sweeper,0.56,6.8
Blitz: The League,1.58,7.3999999999999995
Blitz: The League II,0.25,6.449999999999999
Blood Bowl,0.24000000000000002,5.966666666666666
Blood Omen: Legacy of Kain,0.44,7.8
BloodRayne,0.32,7.6
Bloody Roar,0.39,8.6
Bloody Roar II,0.46,8.2
Bloody Roar: Primal Fury,0.18,7.9
BlowOut,0.01,6.5
Blue Dragon,0.92,7.7
Blue Dragon Plus,0.21,6.5
Blue Dragon: Awakened Shadow,0.1,5.7
Blue Stinger,0.1,6.7
Blues Brothers 2000,0.05,4.9
Blur,1.3699999999999999,8.233333333333334
Body and Brain Connection,0.2,6.0
Bodycount,0.22,4.85
Boktai 2: Solar Boy Django,0.04,7.9
Boktai: The Sun is in Your Hand,0.15,7.8
Bomberman,0.15,7.3
Bomberman 64,1.04,6.1
Bomberman Fantasy Race,0.02,6.3
Bomberman Generation,0.25,8.4
Bomberman Jetters,0.08,7.2
Bomberman Land,0.23,6.25
Bomberman Max 2: Blue Advance,0.09,7.3
Bomberman Max 2: Red Advance,0.07,7.5
Bomberman Party Edition,0.12,7.9
Bomberman Tournament,0.25,8.8
Bomberman World,0.33,6.5
Bomberman: Act Zero,0.04,3.5
Book of Spells,0.66,6.5
Bookworm,0.03,6.0
Boom Blox Bash Party,0.46,8.8
BoomBots,0.11,4.5
Borderlands,5.7700000000000005,8.266666666666667
Bottom of the 9th,0.14,8.0
Bottom of the 9th '97,0.02,6.0
Bottom of the 9th '99,0.05,5.0
Boulder Dash EX,0.0,7.7
Boxing,0.07,5.9
Boxing Fever,0.08,7.2
Brain Age: Concentration Training,0.36,7.5
Brave Fencer Musashi,1.14,8.4
Brave Story: New Traveler (US sales),0.11,7.5
Brave: A Warrior's Tale,0.12,4.550000000000001
Bravo Air Race,0.14,5.3
Breach,0.01,6.5
Breakout,0.11,4.9
Breath of Fire,0.22,7.8
Breath of Fire II,0.55,8.45
Breath of Fire III,1.04,6.8
Breath of Fire IV,0.56,8.4
Breath of Fire: Dragon Quarter,0.19,7.6
Brian Lara International Cricket 2007,0.01,7.3
Brink,1.95,6.966666666666666
Britney's Dance Beat,0.22,6.3
Broken Sword II: The Smoking Mirror,0.06,7.3
Broken Sword: Shadow of the Templars - The Director's Cut,0.24,7.5
Broken Sword: The Shadow of the Templars,0.06,8.1
Brothers In Arms: D-Day,0.46,6.8
Brothers In Arms: Hell's Highway,1.81,6.8
Brothers in Arms: Double Time,0.13,4.6
Brothers in Arms: Hell's Highway,0.02,6.0
Bruce Lee: Return of the Legend,0.01,8.4
Brunswick Circuit Pro Bowling,0.18,8.2
Brunswick Circuit Pro Bowling 2,0.11,7.0
Brunswick Pro Bowling,0.21,6.5
Brutal Legend,1.91,8.2
Bubble Bobble: Old & New,0.06,5.5
Bubsy 3D,0.19,5.8
Buck Bumble,0.16,6.8
Buffy the Vampire Slayer: Wrath of the Darkhul King,0.03,4.6
Bugriders: The Race of Kings,0.02,3.0
Bugs Bunny & Taz: Time Busters,0.21,8.0
Bugs Bunny: Lost in Time,0.4,7.0
Bullet Witch,0.1,6.6
Bulletstorm,1.72,8.533333333333333
Bully: Scholarship Edition,1.62,7.7
Burning Road,0.12,6.0
Burnout,0.3,7.7
Burnout 3: Takedown,3.99,9.3
Burnout Dominator,0.45,7.8
Burnout Legends,1.03,6.1
Burnout Paradise,3.3,8.95
Burnout Paradise Remastered,0.48,8.0
Burnout Paradise: The Ultimate Box,0.07,9.0
Burnout Revenge,1.4,8.9
Bushido Blade,1.16,8.2
Bushido Blade 2,0.68,7.5
Bust A Groove,0.54,7.7
Bust A Groove 2,0.26,7.0
Bust-A-Move '99,0.32,7.7
Bust-A-Move 2 Arcade Edition,0.2,6.9
Bust-A-Move 4,0.22,7.8
Bust-A-Move Deluxe,0.14,7.1
Bust-A-Move Universe,0.31,5.6
Buster Bros. Collection,0.07,6.9
Butt Ugly Martians: B.K.M. Battles,0.25,6.0
Buzz! Brain Bender,0.0,6.5
Buzz! Master Quiz,0.9,7.0
Buzz! Quiz TV,0.88,7.9
Buzz! Quiz World,0.01,5.9
C.O.P.: The Recruit,0.08,5.7
C.O.R.E.,0.04,4.4
C: The Contra Adventure,0.07,4.2
CIMA: The Enemy,0.03,6.8
CT Special Forces,0.03,5.9
CT Special Forces 2: Back in the Trenches,0.01,7.4
Cabela's Big Game Hunter 2010,1.7,5.5
Cabela's Dangerous Hunts 2,0.03,6.5
Call of Duty,0.01,7.0
Call of Duty 2,2.12,7.9
Call of Duty 2: Big Red One,3.0,8.0
Call of Duty 3,7.5200000000000005,7.675
Call of Duty 4: Modern Warfare,18.33,8.925
Call of Duty Black Ops: Declassified,1.71,3.2
Call of Duty: Advanced Warfare,21.78,8.72
Call of Duty: Black Ops,30.990000000000002,8.1
Call of Duty: Black Ops 3,15.09,8.1
Call of Duty: Black Ops II,28.080000000000002,8.333333333333334
Call of Duty: Finest Hour,0.4,7.7
Call of Duty: Ghosts,28.8,7.833333333333333
Call of Duty: Infinite Warfare,8.48,7.9
Call of Duty: Modern Warfare 2,25.02,9.333333333333334
Call of Duty: Modern Warfare 3,30.71,7.5
Call of Duty: Modern Warfare Remastered,0.82,8.05
Call of Duty: Modern Warfare: Mobilized,0.41,7.6
Call of Duty: Modern Warfare: Reflex Edition,1.51,7.2
Call of Duty: Roads to Victory,2.14,6.1
Call of Duty: WWII,13.4,8.1
Call of Duty: World at War,15.94,8.2
Call of Duty: World at War Final Fronts,1.72,6.8
Call of Juarez,0.19,6.800000000000001
Call of Juarez: Bound in Blood,1.48,7.65
Call of Juarez: The Cartel,0.6799999999999999,5.033333333333334
Calling,0.11,4.8
Capcom Classics Collection Reloaded,0.33,7.1
Capcom Classics Collection Remixed,0.3,7.7
Capcom Classics Mini Mix,0.0,6.5
Capcom Puzzle World,0.01,7.4
Capcom vs. SNK,0.22,8.8
Capcom vs. SNK 2: Mark of the Millennium 2001,0.75,7.9
Capcom vs. SNK: Millennium Fight 2000 Pro,0.05,6.9
Captain America: Super Soldier,0.51,5.775
Captain Rainbow,0.01,7.0
Captain Toad: Treasure Tracker,0.19,8.5
Car Battler Joe,0.02,7.9
Cardinal Syn,0.15,5.2
Carmageddon 64,0.01,1.3
Carnage Heart,0.11,7.1
Carnival Games,4.06,4.2
Carol Vorderman's Sudoku,0.36000000000000004,7.4
Cars,3.52,6.625
Cars 2,3.15,7.375
Cart World Series,0.3,7.0
Cartoon Network Block Party,0.05,4.0
Cartoon Network: Battle Crashers,0.12,2.5
Cartoon Network: Punch Time Explosion,0.1,5.6
Casper,0.83,4.9
Castle of Shikigami III,0.04,7.2
Castlevania,0.64,7.6
Castlevania Chronicles,0.13,7.2
Castlevania Double Pack,0.1,9.0
Castlevania Judgment,0.16,4.6
Castlevania: Aria of Sorrow,0.28,8.8
Castlevania: Curse of Darkness,0.54,7.2
Castlevania: Dawn of Sorrow,0.43,8.9
Castlevania: Harmony of Dissonance,0.26,8.6
Castlevania: Lament of Innocence,0.94,8.1
Castlevania: Lords of Shadow,1.77,8.0
Castlevania: Lords of Shadow - Mirror of Fate,0.16,7.2
Castlevania: Lords of Shadow - Reverie,0.03,7.0
Castlevania: Order of Ecclesia,0.37,8.2
Castlevania: Portrait of Ruin,0.4,8.5
Castlevania: Symphony of the Night,1.27,9.3
Castlevania: The Dracula X Chronicles,0.42,8.0
Castrol Honda Superbike Racing,0.13,3.9
Catherine,1.02,7.9
Catwoman,0.34,5.175
Cave Story 3D,0.15,8.2
Cel Damage,0.18,5.85
Centipede,0.65,5.9
Centipede / Breakout / Warlords,0.07,5.6
Ceville,0.02,9.0
Champions of Norrath,1.28,8.5
Champions: Return to Arms,0.65,7.7
Championship Bass,0.32,7.1
Championship Manager 2006,0.0,7.8
Championship Motocross 2001 featuring Ricky Carmichael,0.14,6.8
Championship Motocross featuring Ricky Carmichael,0.58,7.5
Championship Surfer,0.06,7.2
Chaos Legion,0.3,6.2
Chaos Wars,0.04,6.8
Chaotic: Shadow Warriors,0.16,6.2
Charlie Blasts Territory,0.03,5.9
Charlie and the Chocolate Factory,0.18,3.9
Charlie's Angels,0.02,2.5
Chessmaster,0.04,7.5
Chessmaster II,0.15,7.5
Chibi-Robo! Plug into Adventure!,0.39,7.4
Chibi-Robo! Zip Lash,0.32,5.5
Chicken Hunter,0.02,3.5
Chicken Run,0.13,6.3
Chicken Shoot,0.35,3.0
Child of Eden,0.66,8.0
Children of Mana,0.48,7.0
Chocobo Racing,0.44,5.4
Chocobo's Dungeon 2,0.7,6.2
ChuChu Rocket!,0.09,8.1
Circuit Breakers,0.07,5.9
Cities XL 2012,0.06,6.0
Civilization II,0.28,8.2
Clash of the Titans: The Videogame,0.16,3.8
Class of Heroes,0.14,5.4
Classic NES Series: Bomberman,0.11,5.4
Classic NES Series: Castlevania,0.33,7.4
Classic NES Series: Donkey Kong,0.17,6.5
Classic NES Series: Dr. Mario,0.13,6.1
Classic NES Series: Excitebike,0.1,6.4
Classic NES Series: Ice Climber,0.2,6.1
Classic NES Series: Metroid,0.07,5.2
Classic NES Series: Pac-Man,0.46,5.7
Classic NES Series: The Legend of Zelda,0.24,8.4
Classic NES Series: Xevious,0.12,6.4
Classic NES Series: Zelda II: The Adventure of Link,0.7,6.6
ClayFighter 63 1/3,0.21,3.1
Clive Barker's Jericho,0.53,6.0
Clock Tower,0.53,6.1
Clock Tower 3,0.33,7.0
Clock Tower II: The Struggle Within,0.17,4.4
Cloudy With A Chance of Meatballs,0.11,6.7
Cloudy With a Chance of Meatballs,0.27,6.466666666666666
Club Penguin: Elite Penguin Force,3.14,7.0
Code Name: S.T.E.A.M.,0.22,8.0
Code of  Princess EX,0.03,7.2
Code of Princess,0.2,7.2
Coded Arms,0.75,6.1
Codename Tenka,0.09,7.0
Colin McRae Rally,2.87,7.9
Colin McRae Rally 2.0,0.93,8.4
College Hoops 2K6,0.47,7.7
College Hoops 2K7,0.39,8.05
Colony Wars,0.42,8.8
Colony Wars III: Red Sun,0.12,8.1
Colony Wars: Vengeance,0.23,8.6
Combat of Giants: Dinosaurs 3D,0.39,4.3
Command & Conquer,0.4,8.4
Command & Conquer 3: Kane's Wrath,0.24,7.0
Command & Conquer 3: Tiberium Wars,0.42,7.6
Command & Conquer 4: Tiberian Twilight,0.01,6.6
Command & Conquer: Generals,0.01,8.6
Command & Conquer: Red Alert,0.41,7.8
Command & Conquer: Red Alert 2,1.34,8.9
Command & Conquer: Red Alert 3,1.11,7.8
Command & Conquer: Red Alert 3 Ultimate Edition,0.35,7.4
Company of Heroes,0.04,9.4
Conan,0.19,7.1
Condemned 2: Bloodshot,1.02,8.3
Conduit 2,0.12,6.3
Conflict: Denied Ops,0.38,5.25
Conflict: Desert Storm,0.08,6.3
Conflict: Desert Storm II - Back to Bagdhad,0.04,6.9
Conker's Bad Fur Day,0.77,9.2
Conker: Live And Reloaded,0.71,8.1
Contra 4,0.3,8.1
Contra Advance: The Alien Wars EX,0.11,6.7
Contra: Legacy of War,0.67,6.5
Contra: Shattered Soldier,0.58,7.3
Cooking Mama,5.66,6.6
Cooking Mama 2: Dinner With Friends,3.58,6.9
Cooking Mama: Cook Off,2.89,5.9
Cooking Mama: Sweet Shop,0.07,6.0
Corvette,0.28,4.9
Crackdown 2,1.12,7.5
Crash Bandicoot 2: N-Tranced,1.36,7.5
Crash Bandicoot N. Sane Trilogy,1.11,6.0
Crash Bandicoot Purple: Ripto's Rampage,0.64,6.7
Crash Bandicoot: The Huge Adventure,1.73,8.3
Crash Bandicoot: The Wrath of Cortex,6.01,6.45
Crash Bash,3.39,6.8
Crash Nitro Kart,0.46,7.7
Crash Tag Team Racing,0.25,6.3
Crash Team Racing,4.79,9.2
Crash of the Titans,0.96,6.449999999999999
Crash: Mind Over Mutant,0.87,6.15
Crazy Taxi,4.82,8.233333333333333
Crazy Taxi 2,0.07,8.3
Crazy Taxi: Catch a Ride,0.3,4.8
Crazy Taxi: Fare Wars,0.48,6.3
Create,0.36,6.233333333333333
Crime Scene,0.02,8.0
Crimson Gem Saga,0.06,7.3
Crimson Tears,0.03,5.9
Cross Edge,0.23,5.4
"Crouching Tiger, Hidden Dragon",0.03,5.9
Cruis'n Exotica,0.21,5.8
Cruis'n Velocity,0.0,5.3
Crusaders of Might and Magic,0.25,6.0
Crush,0.08,8.5
Crush3D,0.15,6.5
Cryostasis: Sleep of Reason,0.0,7.0
Crysis 2,3.43,8.733333333333333
Crysis 3,1.83,7.8999999999999995
Cubic Ninja,0.1,5.5
Cubivore: Survival of the Fittest,0.17,7.1
Culdcept Revolt,0.07,7.3
Culdcept SAGA,0.16,7.7
Curious George,0.16,6.6
Cursed Mountain,0.21,6.3
Custom Robo Arena,0.16,7.4
DC Universe Online,0.74,6.75
DECA Sports Freedom,0.33,3.0
DJ Hero,3.0900000000000003,8.45
DJ Hero 2,2.23,8.533333333333333
DJ Max Fever,0.13,7.7
DK: King of Swing,0.24,7.1
Daigasso! Band Brothers,0.19,8.0
Damnation,0.16,3.35
Dance Central 2,2.04,8.6
Dance Dance Revolution: Mario Mix,0.47,7.0
Dance Dance Revolution: Mario Mix (JP sales),0.06,7.5
Dance Paradise,0.12,7.0
DanceMasters,0.2,6.2
Danny Phantom: The Ultimate Enemy,0.22,7.5
Dante's Inferno,2.2,6.966666666666666
Daredevil,0.0,5.3
Dark Angel: Vampire Apocalypse,0.09,4.6
Dark Arena,0.04,6.8
Dark Cloud,1.54,8.2
Dark Cloud 2,0.96,8.6
Dark Messiah Might and Magic,0.0,7.3
Dark Messiah of Might and Magic Elements,0.2,5.0
Dark Sector,0.95,7.15
Dark Souls,2.05,9.0
Dark Souls: Remastered,0.11,8.0
Dark Void,0.6799999999999999,6.099999999999999
DarkStar One: Broken Alliance,0.2,6.4
Darkest of Days,0.1,4.6
Darksiders,1.49,7.866666666666667
Darksiders II,1.8,8.366666666666667
Darksiders II: Deathinitive Edition,0.32,7.5
Darkspore,0.11,6.6
Darkstalkers Chronicle: The Chaos Tower,0.15,7.5
Darkstone,0.66,7.1
Data East Arcade Classics,0.09,5.0
Dave Mirra BMX Challenge,0.07,3.5
Dave Mirra Freestyle BMX,1.05,7.4
Dave Mirra Freestyle BMX 2,0.19,8.0
Dave Mirra Freestyle BMX 3,0.03,8.0
David Beckham Soccer,0.0,3.1
Davis Cup Tennis,0.02,6.4
Dawn of Discovery,0.67,8.066666666666668
Dawn of Discovery: Venice,0.01,7.0
Dead Cells,0.11,9.3
Dead Head Fred,0.04,7.6
Dead Island,4.67,6.85
Dead Island: Riptide,1.4300000000000002,6.1
Dead Rising 2,2.8600000000000003,8.149999999999999
Dead Rising 2: Off the Record,0.5900000000000001,7.35
Dead Rising: Chop Till You Drop,0.29,6.7
Dead Space,3.9899999999999998,8.866666666666667
Dead Space 2,3.27,9.0
Dead Space Extraction,0.47,8.2
Dead or Alive,0.46,8.100000000000001
Dead or Alive 2,0.14,9.0
Dead or Alive 5,0.98,7.6
Dead or Alive 5 Last Round,0.44999999999999996,7.3
Dead or Alive 5 Plus,0.1,8.0
Dead or Alive Paradise,0.2,4.5
Dead or Alive Ultimate,0.5,8.1
Dead or Alive Xtreme 2,0.25,5.3
Dead or Alive Xtreme Beach Volleyball,0.59,6.6
Dead to Rights,0.02,3.6
Dead to Rights: Reckoning,0.13,5.2
Dead to Rights: Retribution,0.49,5.85
Deadly Creatures,0.22,6.9
Deadly Premonition,0.26,6.0
Death Jr.,0.19,5.9
Death Jr. II: Root of Evil,0.05,6.9
Death Jr.: Root of Evil,0.11,7.3
DeathSmiles,0.28,8.0
Def Jam Fight For NY: The Takeover,0.09,8.0
Def Jam Icon,0.78,6.449999999999999
Def Jam Rapstar,0.6499999999999999,7.4
Def Jam Vendetta,0.25,8.8
Defender,0.01,3.5
Defender of the Crown,0.0,6.8
Dementium II,0.11,7.5
Dementium: The Ward,0.17,7.5
DemiKids: Dark Version,0.02,6.6
DemiKids: Light Version,0.02,6.6
Demigod,0.02,7.2
Denki Blocks!,0.04,8.0
Desert Strike Advance,0.06,6.8
Destiny,3.41,8.3
Destroy All Humans! Big Willy Unleashed,0.13,5.3
Destroy All Humans! Path of the Furon,0.22,4.55
Detective Pikachu,0.47,7.1
Deus Ex,0.01,9.2
Deus Ex: Human Revolution,3.4499999999999997,8.725
Deus Ex: Invisible War,0.33,8.5
Deus Ex: The Conspiracy,0.21,8.0
Devil May Cry 3: Dante's Awakening Special Edition,0.01,7.1
Devil May Cry 4,2.92,8.35
Devil's Third,0.05,3.8
Dexter's Laboratory Deesaster Strikes,0.41,6.5
DiRT,1.92,8.350000000000001
DiRT 2,2.5300000000000002,7.720000000000001
DiRT 3,1.92,9.033333333333333
DiRT 4,0.73,9.0
DiRT Rally,0.51,8.3
Diablo,0.58,8.3
Diablo III: Eternal Collection,0.67,9.0
Die Hard Trilogy,1.54,8.5
Digimon Battle Spirit 2,0.15,7.0
Digimon Racing,0.13,6.0
Digimon World 4,0.09,5.2
Dillon's Dead-Heat Breakers,0.0,7.0
Diner Dash: Sizzle & Serve,0.12,5.9
Dino Master: Dig Discover Duel,0.07,2.5
Dinotopia: The Sunstone Odyssey,0.02,4.7
Dinotopia: The Timestone Pirates,0.19,6.1
Dirge of Cerberus: Final Fantasy VII,0.97,5.8
Disaster: Day of Crisis,0.07,6.4
Disgaea 1 Complete,0.06,8.0
Disgaea 2: Cursed Memories,0.33,7.9
Disgaea 2: Dark Hero Days,0.25,8.1
Disgaea 3: Absence of Justice,0.55,7.8
Disgaea 4: A Promise Unforgotten,0.58,7.9
Disgaea DS,0.18,8.0
Disgaea Infinite,0.1,6.8
Disgaea: Afternoon of Darkness,0.24,8.7
Disgaea: Hour of Darkness,0.33,8.8
Disney Epic Mickey 2: The Power of Two,0.24,5.9
Disney Infinity,0.67,7.6
Disney Infinity 2.0: Marvel Super Heroes,0.75,8.0
Disney Magic World 2,0.58,7.5
Disney Sing It: Pop Hits,1.48,6.8
Disney Sports Basketball,0.03,5.35
Disney Sports Football,0.02,6.2
Disney Sports Motocross,0.0,5.2
Disney Sports Skateboarding,0.13,3.1
Disney Sports Snowboarding,0.0,5.1
Disney Sports Soccer,0.03,7.3
Disney Universe,1.19,7.050000000000001
Disney's Aladdin,0.03,5.9
Disney's Atlantis: The Lost Empire,0.12,6.0
Disney's Chicken Little,1.76,7.05
Disney's Chicken Little: Ace In Action,0.16,6.8
Disney's Cinderella: Magical Dreams,0.14,6.0
Disney's Donald Duck Advance,0.07,6.5
Disney's Extreme Skate Adventure,0.4,7.0
Disney's Hide & Sneak,0.03,4.7
Disney's Home on the Range,0.17,5.0
Disney's Kim Possible 2: Drakken's Demise,0.66,8.3
Disney's Kim Possible 3: Team Possible,0.46,9.0
Disney's Kim Possible: Revenge of Monkey Fist,0.51,5.0
Disney's Lilo & Stitch,1.08,8.0
Disney's Magical Mirror Starring Mickey Mouse,0.19,4.0
Disney's Magical Quest 2 Starring Mickey and Minnie,0.06,5.6
Disney's Magical Quest 3 Starring Mickey and Donald,0.02,6.5
Disney's Magical Quest Starring Mickey and Minnie,0.22,6.1
Disney's PK: Out of the Shadows,0.05,4.0
Disney's Party,0.12000000000000001,4.2
Disney's Peter Pan: Return to Never Land,0.11,4.0
Disney's Tarzan: Return to the Jungle,0.35,6.9
Disney's The Jungle Book,0.1,5.0
Disney's Treasure Planet,0.28,6.3
Dissidia 012: Duodecim Final Fantasy,0.89,8.3
Divinity II: Ego Draconis,0.31,6.4
Divinity II: The Dragon Knight Saga,0.13,7.5
Dogz,0.63,4.1
Dokapon Kingdom,0.13,7.2
Dokapon: Monster Hunter,0.0,6.4
Don King Presents: Prizefighter,0.25,4.0
Donkey Kong Barrel Blast,0.62,4.8
Donkey Kong Country 2,1.23,7.6
Donkey Kong Country 3,0.77,7.5
Donkey Kong Jungle Beat,1.34,7.9
Donkey Kong Jungle Climber,0.55,7.8
Donkey Konga 2,0.39,6.5
Doom,0.18000000000000002,8.15
Doom (2016),0.43,8.2
Doom 3 BFG Edition,0.58,6.8
Doom 3: Resurrection of Evil,0.71,8.2
Doom 64,0.47,7.4
Doom II,3.65,8.7
Doshin the Giant,0.14,6.8
Double Dragon Advance,0.05,7.9
Dr. Mario / Puzzle League,0.33,7.5
Dr. Mario 64,0.42,6.0
Dr. Muto,0.03,7.5
Dr. Sudoku,0.01,6.7
Dragon Age II,2.58,7.866666666666667
Dragon Age Origins: Awakening,0.87,8.3
Dragon Age: Inquisition,2.34,8.6
Dragon Age: Origins,4.73,8.766666666666666
Dragon Ball GT: Transformation,0.28,7.7
Dragon Ball Z: Budokai,0.69,6.8
Dragon Ball Z: Budokai Tenkaichi 3,1.03,7.5
Dragon Ball Z: Burst Limit,1.3399999999999999,7.3
Dragon Ball Z: Buu's Fury,0.61,5.9
Dragon Ball Z: Collectible Card Game,0.46,6.0
Dragon Ball Z: Extreme Butoden,0.35,5.0
Dragon Ball Z: Sagas,0.21,5.7
Dragon Ball Z: Supersonic Warriors,0.51,7.1
Dragon Ball Z: Taiketsu,1.08,3.8
Dragon Ball Z: Tenkaichi Tag Team,0.27,6.0
Dragon Ball Z: The Legacy of Goku,1.69,6.5
Dragon Ball Z: The Legacy of Goku II,1.09,7.6
Dragon Ball Z: Ultimate Tenkaichi,1.1600000000000001,5.5
Dragon Ball: Advanced Adventure,0.04,7.7
Dragon Ball: Evolution,0.1,3.4
Dragon Ball: Fusions,0.54,6.3
Dragon Ball: Origins 2,0.16,6.9
Dragon Ball: Raging Blast,1.28,5.699999999999999
Dragon Ball: Raging Blast 2,1.47,6.0
Dragon Ball: Revenge of King Piccolo,0.2,6.1
Dragon Force,0.3,9.0
Dragon Quest Builders: Revive Alefgard,0.22,8.0
Dragon Quest VIII: Journey of the Cursed King,1.15,8.8
Dragon Quest XI: Echoes of an Elusive Age,2.04,9.5
Dragon Valor,0.07,6.1
Dragoneer's Aria,0.07,5.2
Drawn to Life: The Next Chapter,1.4,6.6
Dream Trigger 3D,0.07,5.7
Dreamcast Collection,0.24,5.3
Dreamfall: The Longest Journey,0.0,7.4
Drill Dozer,0.05,7.9
Driven,0.03,6.8
Driver,6.27,8.5
Driver '76,0.24,5.5
Driver 2,4.73,7.0
Driver 2 Advance,0.34,6.8
Driver: Parallel Lines,0.03,5.9
Driver: Renegade,0.09,3.5
Driver: San Francisco,2.01,7.9
Drome Racers,0.03,7.5
Dual Blades,0.0,6.0
Dual Hearts,0.05,7.5
DuckTales: Remastered,0.05,8.6
Duel Masters: Kaijudo Showdown,0.22,5.8
Duel Masters: Sempai Legends,0.29,7.1
Duke Nukem Advance,0.01,8.5
Duke Nukem Forever,1.5899999999999999,4.35
Dungeon Explorer: Warriors of Ancient Arts,0.01,6.1
Dungeon Siege III,0.76,7.25
Dungeons,0.09,6.5
Dungeons & Dragons Tactics,0.1,5.2
Dungeons & Dragons: Daggerdale,0.0,6.0
Dungeons & Dragons: Eye of the Beholder,0.26,4.8
Dynasty Warriors,0.51,6.6
Dynasty Warriors 5 Empires,0.47000000000000003,6.35
Dynasty Warriors 6,0.3,6.2
Dynasty Warriors 6 Empires,0.5800000000000001,6.35
Dynasty Warriors 7,1.15,5.85
Dynasty Warriors Advance,0.11,5.2
Dynasty Warriors Gundam,0.6599999999999999,6.2
Dynasty Warriors: Gundam 2,1.02,5.466666666666666
Dynasty Warriors: Gundam 3,0.72,6.5
Dynasty Warriors: Strikeforce,0.97,6.833333333333333
E.T. The Extra-Terrestrial,0.01,3.5
EA Replay,0.12,5.0
EA Sports Active 2,2.6,7.433333333333334
EA Sports Active: More Workouts,1.16,7.9
EA Sports Grand Slam Tennis,0.92,7.9
EA Sports MMA,0.72,7.65
ESPN Final Round Golf 2002,0.17,6.0
ESPN Great Outdoor Games Bass 2002,0.05,5.5
ESPN X Games Skateboarding,0.18,5.7
ESPN: Sports Connection,0.36,3.0
Earth Defense Force 2017,0.08,7.4
Earth Defense Force: Insect Armageddon,0.39,6.65
Earthworm Jim,0.29,7.2
Earthworm Jim 2,0.03,4.7
East India Company,0.04,7.4
Eat Lead: The Return of Matt Hazard,0.25,5.4
Ecco the Dolphin: Defender of the Future,0.14,7.8
Echo Night,0.12,6.3
"Ed, Edd n Eddy: Jawbreakers!",0.32,5.0
"Ed, Edd n Eddy: The Mis-Edventures",0.6599999999999999,4.699999999999999
Egg Mania,0.0,7.3
Ehrgeiz,0.3,6.7
El Shaddai: Ascension of the Metatron,0.44000000000000006,8.0
Elebits,0.32,7.3
Elebits: The Adventures of Kai and Zero,0.08,7.45
Elf Bowling 1 & 2,0.03,1.4
Empire Earth II,0.03,8.0
Empire Earth III,0.04,4.8
Enchanted Arms,0.39,6.4
Endless Ocean,1.06,6.8
Endless Ocean: Blue World,0.87,7.6
Enemy Territory: Quake Wars,0.45,6.7
Enslaved: Odyssey to the West,1.1,7.95
Enter the Matrix,0.45,6.5
Ephemeral Fantasia,0.08,5.7
Epic Mickey: Power of Illusion,0.5,6.6
Eragon,0.41000000000000003,5.733333333333333
Eternal Sonata,0.76,8.100000000000001
Etrian Mystery Dungeon,0.28,7.6
Etrian Odyssey,0.33,7.4
Etrian Odyssey 2 Untold: Knight of Fafnir,0.14,8.0
Etrian Odyssey II: Heroes of Lagaard,0.26,8.4
Etrian Odyssey V: Beyond the Myth,0.27,7.9
Etrian Odyssey: Millennium Girl,0.26,8.1
Ever Oasis,0.29,8.1
EverGrace,0.35,6.2
Everybody Dance,0.13,6.5
Everybody's Golf,0.56,8.1
Evolution Skateboarding,0.04,4.8
Evolution Worlds,0.08,6.5
Excite Truck,0.53,7.0
ExciteBots: Trick Racing,0.28,7.7
Excitebike 64,1.0,8.9
Exit,0.08,7.9
Extreme Ghostbusters,0.0,7.1
EyePet,1.29,5.9
F-14 Tomcat,0.7,6.9
F-Zero GX,0.65,8.4
F-Zero: GP Legend,0.16,7.1
F.E.A.R.,0.34,8.6
F.E.A.R. 2: Project Origin,1.08,8.1
F.E.A.R. 3,0.9,7.8
F.E.A.R. Files,0.09,6.9
F1 2002,0.02,6.5
F1 2009,1.4100000000000001,7.1
F1 2010,2.27,8.266666666666667
F1 2011,2.27,7.625
F1 2012,1.5,8.2
F1 2013,0.8799999999999999,7.800000000000001
F1 2014,0.23,6.5
F1 2015,0.93,5.800000000000001
F1 2016,1.0,8.4
F1 2017,0.81,8.5
F1 2018,0.7000000000000001,8.7
F1 Grand Prix,0.0,6.0
FIFA 06: Road to FIFA World Cup,0.15,6.1
FIFA 07 Soccer,6.380000000000001,7.971428571428571
FIFA 13,0.49,7.0
FIFA 15,16.28,7.359999999999999
FIFA 16,15.82,8.7
FIFA 17,14.649999999999999,8.850000000000001
FIFA 18,16.12,7.525
FIFA 19,0.75,5.9
FIFA 2000,1.87,8.8
FIFA Soccer,0.12,7.8
FIFA Soccer 06,4.32,8.0
FIFA Soccer 08,3.1,8.2
FIFA Soccer 09,5.88,8.466666666666667
FIFA Soccer 10,8.39,8.525
FIFA Soccer 11,11.77,7.8
FIFA Soccer 12,11.68,8.625
FIFA Soccer 2003,0.05,6.9
FIFA Soccer 2004,3.6100000000000003,8.233333333333333
FIFA Soccer 2005,3.7800000000000002,8.25
FIFA Street 2,0.14,4.9
FIFA World Cup Germany 2006,1.5699999999999998,7.5
FIFA World Cup: Germany 2006,0.03,4.3
Fable III,5.43,7.4
Fable: The Lost Chapters,0.07,8.3
FaceBreaker K.O. Party,0.22,6.7
Fading Shadows,0.04,7.0
Fairytale Fights,0.34,4.85
Fallen Legion: Rise to Glory,0.02,7.0
Fallout 2,0.0,9.2
Fallout 3,9.94,8.933333333333334
Fallout 4,13.510000000000002,8.5
Fallout 76,2.46,4.633333333333333
Fallout: New Vegas,7.25,8.2
Family Guy,0.19,5.5
Fantavision,0.47,8.0
Far Cry 2,3.45,8.433333333333334
Far Cry 4,6.39,8.466666666666667
Far Cry 5,5.8,7.133333333333333
Far Cry Instincts Predator,0.24,8.0
Far Cry: Primal,3.98,7.666666666666667
Farming Simulator 2013,0.39,3.0
Fast Racing Neo,0.01,8.1
Fat Princess: Fistful of Cake,0.13,7.0
Fatal Frame,0.2,7.75
Fatal Frame II: Crimson Butterfly,0.16,7.8
Fatal Frame II: Crimson Butterfly Director's Cut,0.05,8.7
Fatal Frame III: The Tormented,0.08,7.7
Fate/Extella: The Umbral Star,0.21,8.0
Fate/Unlimited Codes Portable,0.05,7.6
Fear Factor: Unleashed,0.14,3.0
Feel the Magic XY/XX,0.29,7.7
Field Commander,0.16,7.7
Fight Night Champion,1.91,8.4
Fight Night Round 3,1.99,7.9
Fight Night Round 4,2.92,8.649999999999999
Fighters Uncaged,0.6,3.2
Fighting Force 64,0.11,5.2
Fighting Vipers,0.4,8.0
Final Fantasy Adventure,0.38,9.0
Final Fantasy Anthology,0.8,8.6
Final Fantasy Chronicles,0.52,9.2
Final Fantasy Crystal Chronicles: Echoes of Time,0.72,7.300000000000001
Final Fantasy Crystal Chronicles: Ring of Fates,0.66,7.7
Final Fantasy Crystal Chronicles: The Crystal Bearers,0.39,6.7
Final Fantasy Explorers,0.59,7.3
Final Fantasy IV Advance,0.61,8.6
Final Fantasy IV: The Complete Collection,0.56,8.0
Final Fantasy Legend III,0.76,7.0
Final Fantasy V Advance,0.26,8.2
Final Fantasy VI Advance,0.28,9.1
Final Fantasy X / X-2 HD Remaster,0.9,9.3
Final Fantasy XI: Chains of Promathia,0.25,7.3
Final Fantasy XI: Online,0.51,7.766666666666667
Final Fantasy XI: Wings of the Goddess,0.32,6.5
Final Fantasy XIII,7.539999999999999,8.05
Final Fantasy XIII-2,3.39,8.100000000000001
Final Fantasy XV,5.07,8.1
Final Fantasy: The 4 Heroes of Light,0.58,7.2
Final Fight One,0.21,8.2
Finding Nemo,2.82,7.0
Finding Nemo: The Continuing Adventures,0.3,8.0
Fire Emblem Warriors,0.51,7.3
Fire Emblem: Path of Radiance,0.54,8.6
Fire Emblem: Radiant Dawn,0.49,7.7
Fire Emblem: The Blazing Blade,0.97,8.8
Fire Emblem: The Sacred Stones,0.89,8.4
Fire ProWrestling,0.13,8.0
Fire ProWrestling G,0.19,8.0
Firefighter F.D.18,0.07,5.9
Fist of the North Star: Ken's Rage,0.8200000000000001,5.1
Fist of the North Star: Ken's Rage 2,0.3,5.0
FlatOut: Head On,0.29,7.3
FlingSmash,0.47,3.8
Flipping Death,0.01,7.5
"Flower, Sun, and Rain",0.07,5.7
Folklore,0.32,7.5
Football Manager 2006,0.0,8.5
Football Manager 2007,0.02,8.4
Football Manager 2010,0.07,8.7
Football Manager 2011,1.26,8.9
Football Manager 2012,1.5,8.5
Football Manager Classic 2014,0.12,5.8
Football Manager Handheld 2007,0.0,8.1
Football Manager Handheld 2010,0.35,6.0
Formula 1 Championship Edition,0.36,8.5
Formula One 2001,0.26,7.0
Forsaken 64,0.29,8.3
Fortnite,0.69,8.5
Fortress,0.32,6.6
Forza Horizon 4,1.84,9.2
Forza Motorsport,1.05,9.2
Forza Motorsport 2,4.05,9.1
Forza Motorsport 3,5.5,9.2
Forza Motorsport 4,4.6,9.1
Forza Motorsport 7,1.52,8.9
Fossil Fighters,0.89,6.9
Fracture,0.49,4.0
Fragile Dreams: Farewell Ruins of the Moon,0.37,6.7
Frantix,0.08,5.4
Freedom Fighters,0.13,8.8
Freedom Force,0.0,9.1
Freekstyle,0.01,7.2
Frogger 3D,0.21,7.0
Frogger Advance: The Great Quest,0.07,5.5
Frogger's Adventures 2: The Lost Wand,0.19,8.0
Frogger's Adventures: Temple of the Frog,2.39,6.7
Frogger's Journey: The Forgotten Relic,0.26,5.0
Frogger: Helmet Chaos,0.11,7.0
Frogger: The Great Quest,1.23,3.0
From Dust,0.0,8.2
From Russia With Love,0.22,7.3
From The Abyss,0.06,7.3
Fuel,0.57,6.533333333333334
Full Auto 2: Battlelines,0.19,6.1
Full Spectrum Warrior,0.3,8.15
Full Spectrum Warrior: Ten Hammers,0.07,5.5
Future Tactics: The Uprising,0.02,6.8
G-Force,1.72,7.26
G.I. Joe: The Rise of Cobra,1.09,4.816666666666666
GRID,2.06,8.475
GT Advance 2: Rally Racing,0.11,7.6
GT Advance 3: Pro Concept Racing,0.08,7.7
GT Advance Championship Racing,0.33,7.5
GT Pro Series,0.52,3.7
Gabrielle's Ghostly Groove 3D,0.11,7.5
Gadget Racers,0.0,7.0
Gal Metal!,0.02,7.0
Galactic Wrestling: Featuring Ultimate Muscle,0.22,7.3
Galidor: Defenders of the Outer Dimension,0.12,5.9
Game & Wario,0.25,6.2
Game & Watch Gallery 4,0.61,6.4
Game Party,2.49,2.6
Games Explosion!,0.02,4.0
Gangs of London,0.96,5.0
Gardening Mama,1.36,6.6
Gauntlet / Rampart,0.03,4.0
Gauntlet Legends,0.54,6.0
Gauntlet: Dark Legacy,0.0,3.1
Gear.Club Unlimited,0.15,6.1
Gears of War,0.02,8.8
Geist,0.15,6.6
Gekido Advance: Kintaro's Revenge,0.03,7.7
Generation of Chaos,0.06,5.9
Genji: Days of the Blade,0.75,5.0
Geometry Wars: Galaxies,0.12,8.0
Ghost Rider,0.24,5.0
Ghost Squad,0.77,7.0
Ghost Trick: Phantom Detective,0.38,8.2
Ghost in the Shell: Stand Alone Complex,0.23,6.15
Ghostbusters: The Video Game,2.33,7.7
Gladius,0.07,8.3
Glory of Heracles,0.29,6.8
Go Vacation,1.54,7.0
Go! Go! Hypergrind,0.03,6.5
Go! Sudoku,0.12,6.8
Goblin Commander: Unleash the Horde,0.19,7.4
Godzilla Generations,0.08,3.2
Godzilla Unleashed,0.16,4.5
Godzilla: Destroy All Monsters Melee,0.71,7.5
Godzilla: Domination!,0.28,4.7
Golden Axe: Beast Rider,0.65,4.25
Golden Sun: Dark Dawn,0.81,8.0
GoldenEye 007,1.4400000000000002,6.75
GoldenEye: Rogue Agent,0.36,5.9
Goldeneye 007: Reloaded,1.28,7.4
Gone Home,0.0,9.1
Gotcha Force,0.03,5.8
Gothic 3: Forsaken Gods,0.0,4.4
Gradius Galaxies,0.08,7.8
Graffiti Kingdom,0.03,7.2
Gran Turismo (PSP),2.82,7.8
Grand Theft Auto,2.5599999999999996,6.5
Grand Theft Auto 2,3.42,6.9
Grand Theft Auto III,13.11,9.3
Grand Theft Auto IV,22.53,9.733333333333333
Grand Theft Auto V,48.43,9.366666666666667
Grand Theft Auto: Chinatown Wars,2.41,9.35
Grand Theft Auto: Episodes from Liberty City,4.6899999999999995,9.0
Grand Theft Auto: Liberty City Stories,11.26,8.55
"Grand Theft Auto: Mission Pack #1, London 1969",0.11,6.7
Grand Theft Auto: San Andreas,2.92,9.3
Grand Theft Auto: Vice City,16.189999999999998,9.3
Grand Theft Auto: Vice City Stories,5.08,8.4
Grandia,0.6699999999999999,8.55
Grandia II,0.49,7.8999999999999995
Grandia Xtreme,0.38,6.7
Gravity Rush Remastered,0.16,7.9
Gray Matter,0.08,7.3
Green Day: Rock Band,0.82,7.8
Green Lantern: Rise of the Manhunters,0.5,5.875
Greg Hastings' Tournament Paintball Max'd,0.03,2.2
Gretzky NHL,0.1,6.0
Gretzky NHL 06,0.14,5.8
GrimGrimoire,0.05,7.7
GripShift,0.09,7.1
Grooverider: Slot Car Thunder,0.01,4.5
Guild Wars: Factions,0.01,8.6
Guild Wars: Nightfall,0.03,8.0
Guilty Gear Judgment,0.16,7.5
Guilty Gear X: Advance Edition,0.06,7.3
Guilty Gear XX Accent Core Plus,0.03,7.0
Guitar Hero 5,3.7800000000000002,8.9
Guitar Hero II,7.33,9.2
Guitar Hero III: Legends of Rock,16.36,8.424999999999999
Guitar Hero On Tour: Modern Hits,0.37,7.3
Guitar Hero: Metallica,1.73,8.7
Guitar Hero: On Tour,3.46,7.1
Guitar Hero: Smash Hits,1.5699999999999998,7.225
Guitar Hero: Van Halen,0.9600000000000001,5.575
Guitar Hero: Warriors of Rock,1.8199999999999998,7.199999999999999
Guitar Hero: World Tour,8.2,8.5
Gun,0.45,7.7
Gundam Seed: Battle Assault,0.08,6.5
Gundam Versus,0.28,7.3
Gungnir,0.14,7.4
Gunstar Super Heroes,0.07,8.0
Gunvalkyrie,0.17,6.1
Gurumin: A Monstrous Adventure,0.01,7.4
Hail to the Chimp,0.11,7.0
Half-Life,0.6,8.4
Half-Life 2,0.61,8.9
Halo 2,0.09,6.9
Halo 2 Multiplayer Map Pack,0.69,8.6
Halo Wars 2,0.51,7.0
Halo: Combat Evolved,0.04,8.6
Halo: Combat Evolved Anniversary,2.41,8.0
Halo: Reach,9.97,9.3
Halo: The Master Chief Collection,3.44,8.8
Hammerin' Hero,0.08,7.0
Hamtaro: Ham-Ham Games,0.22,7.5
Hamtaro: Ham-Ham Heartbreak,0.36,8.0
Hannah Montana,2.65,6.5
Happy Birthdays,0.01,8.5
Hard Rock Casino,0.14,3.8
Harry Potter and the Chamber of Secrets,1.99,7.2
Harry Potter and the Deathly Hallows - Part 2,0.43000000000000005,4.55
Harry Potter and the Goblet of Fire,2.11,6.666666666666667
Harry Potter and the Half-Blood Prince,0.76,6.0
Harry Potter and the Order of the Phoenix,0.37,4.8
Harry Potter and the Prisoner of Azkaban,0.52,7.0
Harry Potter and the Sorcerer's Stone,1.69,6.6
Harry Potter: Quidditch World Cup,0.79,6.050000000000001
Harvest Moon 3D: A New Beginning,0.95,8.2
Harvest Moon 64,0.48,7.8
Harvest Moon: A Wonderful Life,0.79,8.2
Harvest Moon: Another Wonderful Life,0.24,7.7
Harvest Moon: Boy & Girl,0.09,6.1
Harvest Moon: Frantic Farming,0.1,7.0
Harvest Moon: Friends of Mineral Town,0.59,7.6
Harvest Moon: Magical Melody,0.53,7.15
Harvest Moon: More Friends of Mineral Town,0.2,8.0
Harvest Moon: Save the Homeland,0.4,7.8
Harvest Moon: Skytree Village,0.09,5.0
Harvest Moon: Sunshine Islands,0.57,9.0
Harvest Moon: The Tale of Two Towns,0.9299999999999999,6.3
Has-Been Heroes,0.14,4.8
Hasbro Family Game Night 2,1.36,6.4
Hatsune Miku: Project Mirai DX,0.38,7.5
Haunting Ground,0.07,6.6
Haze,0.99,5.6
Hearts of Iron III,0.09,7.9
Heatseeker,0.14,5.15
Hellblade: Senua's Sacrifice,0.05,8.3
Henry Hatsworth in the Puzzling Adventure,0.09,9.1
Herbie: Fully Loaded,0.34,5.0
Hexen,0.19,4.4
Hexyz Force,0.14,6.7
Hey Arnold! The Movie,0.26,5.5
Hey! Pikmin,0.44,6.8
High Heat Major League Baseball 2002,0.0,6.0
High Heat Major League Baseball 2003,0.0,6.0
High School Musical: Makin' the Cut!,2.2,7.3
High School Musical: Sing It!,1.76,6.4
Hitman 2: Silent Assassin,0.13,8.3
Hitman: Blood Money,1.06,8.1
"Holy Invasion of Privacy, Badman! What Did I Do to Deserve This?",0.14,6.9
Homefront,2.6,6.633333333333333
Hometown Story,0.5,5.5
Homeworld 2,0.03,8.1
Horsez,0.42,4.0
Hoshigami: Ruining Blue Earth Remix,0.01,5.6
Hospital Tycoon,0.01,4.0
Hot Pixel,0.03,5.7
Hot Potato!,0.04,7.7
Hot Shots Golf: Open Tee,1.96,8.4
Hot Shots Golf: Open Tee 2,0.68,8.0
Hot Shots Golf: Out of Bounds,1.14,8.3
Hot Shots Tennis: Get a Grip,0.23,8.0
Hot Wheels Velocity X,0.16,5.2
Hot Wheels: Burnin' Rubber,0.06,8.0
Hot Wheels: Stunt Track Challenge,0.45,5.3
Hotel Dusk: Room 215,0.54,8.0
Hotel Transylvania 3: Monsters Overboard,0.01,6.5
How to Train Your Dragon,0.74,5.266666666666667
Hugo: The Evil Mirror,0.01,5.9
Hulk,0.19,7.3
Hunted: The Demon's Forge,0.52,6.066666666666666
Hunter: The Reckoning,0.48,7.449999999999999
Hybrid Heaven,0.25,7.0
Hyperdimension Neptunia,0.44,5.3
Hyrule Warriors: Definitive Edition,0.46,8.0
I am Setsuna,0.05,7.0
I-Ninja,0.56,7.3999999999999995
ICO,0.47,8.8
IL-2 Sturmovik: Birds of Prey,0.94,6.466666666666666
IL-2 Sturmovik: Cliffs of Dover,0.05,5.0
Ice Age,0.38,4.2
Ice Age 2: The Meltdown,1.16,6.433333333333334
Ice Age: Dawn of the Dinosaurs,0.99,6.459999999999999
Iggy's Reckin' Balls,0.08,6.8
Ikaruga,0.09,8.0
Imagine: Babyz,2.87,3.5
Imagine: Fashion Designer,2.81,3.0
Import Tuner Challenge (American sales),0.09,6.4
Inazuma Eleven,0.53,6.8
Indiana Jones and the Staff of Kings,0.98,6.25
Infected,0.15,7.3
Infernal: Hell's Vengeance,0.08,4.4
Infinite Space,0.2,7.2
Innocent Life: A Futuristic Harvest Moon,0.16,6.5
Intelligent Qube,1.22,7.4
Intellivision Lives!,0.06,6.4
International Superstar Soccer '98,0.58,9.1
Invizimals,0.79,6.6
Iridion 3D,0.46,5.6
Iridion II,0.13,7.9
Iron Chef America: Supreme Cuisine,0.17,2.0
Iron Man,1.31,5.05
Iron Man 2,0.27,5.1
Ivy the Kiwi?,0.11,7.4
Izuna 2: The Unemployed Ninja Returns,0.06,6.9
Izuna: Legend of the Unemployed Ninja,0.0,6.4
JU-ON: The Grudge,0.1,4.0
Jackass the Game,0.22,5.6
Jackie Chan Adventures: Legend of the Dark Hand,0.19,7.8
Jade Empire,0.7,9.0
Jade Empire: Special Edition,0.0,7.8
Jak and Daxter: The Lost Frontier,1.08,7.5
Jak and Daxter: The Precursor Legacy,3.64,9.0
James Bond 007: Agent Under Fire,0.72,7.5
James Bond 007: Blood Stone,1.24,6.4
James Bond 007: Everything or Nothing,0.59,7.25
James Bond 007: Nightfire,0.91,7.65
James Cameron's Avatar: The Game,3.44,5.733333333333333
James Noir's Hollywood Crimes,0.16,7.0
Jaws: Ultimate Predator,0.12,4.0
Jazz Jackrabbit,0.0,6.8
Jeanne d'Arc,0.33,8.4
Jenga World Tour,0.05,2.0
Jeremy McGrath Supercross World,0.12,2.7
Jerry Rice and Nitus' Dog Football,0.04,7.0
Jet Grind Radio,0.03,7.1
Jim Henson's the Muppets: On With the Show!,0.14,6.3
Jimmie Johnson's Anything With an Engine,0.09,7.3
John Romero's Daikatana,0.0,4.0
Juiced: Eliminator,0.42,6.6
July,0.06,4.8
Jurassic Park III: Island Attack,0.18,4.9
Just Cause,0.18000000000000002,7.2
Just Cause 2,3.35,8.15
Just Cause 3,3.15,7.366666666666667
Just Dance 2014,6.42,7.56
Just Dance 2015,0.54,8.1
Just Dance 2017,0.29,6.5
Just Dance 2018,0.76,8.0
Just Dance 3,2.02,5.5
Justice League Heroes: The Flash,0.03,8.0
Justice League: Chronicles,0.04,3.5
Kabuki Warriors,0.06,1.0
Kane & Lynch 2: Dog Days,1.08,6.35
Kane & Lynch: Dead Men,1.51,6.8
Kao the Kangaroo,0.01,3.9
Karnaaj Rally,0.01,7.9
Kartia: The Word of Fate,0.22,7.9
Katamari Damacy,0.73,8.5
Katamari Damacy Reroll,0.17,8.8
Katamari Forever,0.41,7.3
Kelly Slater's Pro Surfer,0.19,8.0
Kengo: Legend of The 9,0.07,4.8
Kenka Bancho: Badass Rumble,0.29,7.0
Kensei: Sacred Fist,0.02,5.7
Kill.switch,0.02,7.5
Killer7,0.24,6.85
Killzone 3,2.81,8.2
Killzone: Liberation,0.9,7.8
Killzone: Mercenary,0.92,7.4
Kinect Joy Ride,1.43,5.6
Kinect Sports: Season Two,2.33,6.6
Kinect: Disneyland Adventures,2.41,8.5
Kinectimals,1.62,7.5
King Arthur,0.22,6.6000000000000005
King's Bounty: The Legend,0.0,8.4
King's Field,0.16,7.1
King's Field II,0.26,7.3
Kingdom Hearts Re: Chain of Memories,0.87,7.2
Kingdom Hearts Re:coded,0.93,6.8
Kingdom of Paradise,0.15,7.0
Kirby and the Rainbow Curse,0.58,8.2
Kirby's Adventure,0.0,8.4
Kirby's Dream Collection: Special Edition,0.69,8.0
Kirby: Battle Royale,0.33,6.0
Kirby: Canvas Curse,0.72,8.9
Klonoa,0.16,7.6
Klonoa 2: Dream Champ Tournament,0.03,8.1
Klonoa 2: Lunatea's Veil,0.33,9.4
Klonoa: Empire of Dreams,0.14,8.6
Knack 2,0.47,6.7
Knights Contract,0.16,5.4
Knights in the Nightmare,0.16999999999999998,7.75
Konami Collector's Series: Arcade Advanced,0.64,8.0
Konami Krazy Racers,0.16,7.7
Kong: The Animated Series,0.02,5.0
Koudelka,0.08,6.5
Kung Fu Chaos,0.28,7.0
Kung Fu Panda,3.05,7.5
Kung Fu Panda 2,0.13,3.0
Kung Fu Rider,0.2,4.3
KuruKuru Kururin,0.31,7.2
L.A. Noire,6.39,8.700000000000001
LBX: Little Battlers eXperience,0.21,7.0
LEGO Batman: The Videogame,13.55,7.528571428571429
LEGO Battles: Ninjago,1.48,5.0
LEGO Bionicle,0.06,6.4
LEGO City Undercover,1.4,8.0
LEGO DC Super-Villains,0.44,7.8
LEGO Harry Potter: Years 1-4,8.46,7.8999999999999995
LEGO Harry Potter: Years 5-7,0.95,9.0
LEGO Indiana Jones 2: The Adventure Continues,2.05,6.5
LEGO Indiana Jones: The Original Adventures,8.32,7.65
LEGO Pirates of the Caribbean: The Video Game,5.47,7.116666666666667
LEGO Rock Band,2.13,7.475
LEGO Star Wars II: The Original Trilogy,7.32,7.612500000000001
LEGO Star Wars III: The Clone Wars,7.33,7.185714285714285
LEGO Star Wars: The Complete Saga,12.74,7.933333333333334
LEGO Star Wars: The Video Game,7.26,7.8
LEGO The Hobbit,0.25,7.0
LEGO The Incredibles,1.1600000000000001,6.5
LEGO Worlds,0.58,5.0
LIMBO,0.0,9.0
LMA Manager 2007,0.01,6.2
Lair,0.51,5.5
Langrisser: Re:Incarnation Tensei,0.04,1.5
Last Rebellion,0.09,4.8
Last Window: The Secret of Cape West,0.22,7.3
Left 4 Dead 2,0.36,9.0
Legacy of Kain: Soul Reaver,1.04,8.9
Legend of Kay,0.05,7.2
Legend of Kay Anniversary,0.01,6.5
Legend of Legaia,0.66,8.1
Legend of the Dragon,0.03,2.9
Legendary,0.41000000000000003,4.0
Lego Batman 3: Beyond Gotham,0.45,7.4
Lemmings,0.86,7.3
Let's TAP,0.17,7.0
Life Is Strange: Before the Storm,0.22,7.5
Lightning Returns: Final Fantasy XIII,1.36,6.75
Line Rider 2: Unbound,0.08,5.0
Lionheart: Kings' Crusade,0.01,6.3
Lips,0.77,7.1
Little Dragons Caf√©,0.13,7.0
LittleBigPlanet,2.61,8.8
LittleBigPlanet 2,3.43,9.1
LittleBigPlanet: Game of the Year Edition,0.0,9.5
LocoRoco,0.39,8.1
LocoRoco 2,0.36,8.5
Lode Runner 3-D,0.1,7.0
London 2012: The Official Video Game of the Olympic Games,1.23,5.85
Looney Tunes: Duck Amuck,0.3,6.4
Lord of Arcana,0.34,4.7
Lord of Magna: Maiden Heaven,0.06,7.0
Lord of the Rings: Tactics,0.13,6.9
Lost Kingdoms,0.17,7.3
Lost Kingdoms II,0.06,6.6
Lost Odyssey,0.9,7.5
Lost Planet 2,1.71,6.55
Lost Planet: Extreme Condition,0.64,6.3
Lost Planet: Extreme Condition Colonies Edition,0.0,7.8
Lost Sphear,0.06,6.25
Lost in Shadow,0.12,6.7
Lufia: Curse of the Sinistrals,0.16,7.8
Luigi's Mansion,0.47,7.3
Lumines ll,0.3,8.0
Luminous Arc,0.24,6.8
Luminous Arc 2,0.22,7.5
Lunar 2: Eternal Blue Complete,0.35,8.1
Lunar Knights,0.23,8.2
Lunar Legend,0.19,7.7
Lunar: Dragon Song,0.12,5.9
Lunar: Silver Star Harmony,0.24,7.9
Lunar: Silver Star Story Complete,0.55,7.6
MAG: Massive Action Game,1.32,7.4
MC Groovz Dance Craze,0.2,2.5
MDK2,0.0,8.5
METRO 2033,0.78,7.45
MLB,0.24,8.0
MLB 06: The Show,0.35,8.3
MLB 07: The Show,0.28,8.1
MLB 08: The Show,0.33,8.3
MLB 09: The Show,0.99,8.850000000000001
MLB 10: The Show,0.94,7.8
MLB 11: The Show,0.59,8.9
MLB 13: The Show,0.99,8.05
MLB 14 The Show,1.28,7.866666666666667
MLB Power Pros,0.29,8.5
MLB SlugFest 20-04,0.04,8.0
MVP Baseball,0.21,6.6
MVP Baseball 2004,0.26,8.9
MVP Baseball 2005,0.33,8.7
MX 2002 Featuring Ricky Carmichael,0.56,8.0
MX vs. ATV Reflex,0.24,5.3
MX vs. ATV Unleashed: On the Edge,0.69,7.3
MX vs. ATV Untamed,0.65,5.6
MX vs. ATV: Alive,1.01,6.9
Mace: The Dark Age,0.19,7.1
MadWorld,0.78,8.1
Madagascar,3.44,6.416666666666667
Madden NFL 06,6.82,8.35
Madden NFL 07,3.74,7.8999999999999995
Madden NFL 08,3.16,7.866666666666666
Madden NFL 09,5.14,8.0
Madden NFL 09 All-Play (weekly US sales),0.0,8.0
Madden NFL 10,6.59,8.15
Madden NFL 11,5.82,7.833333333333333
Madden NFL 12,5.41,7.533333333333334
Madden NFL 13,6.22,7.425000000000001
Madden NFL 16,7.59,8.15
Madden NFL 17,5.72,8.3
Madden NFL 18,4.53,8.5
Madden NFL 2002,0.61,8.6
Madden NFL 2003,4.569999999999999,9.25
Madden NFL 2004,5.74,9.35
Madden NFL 2005,5.23,9.35
Madden NFL 25,6.16,7.45
Madden NFL Football,0.41,4.5
Mafia,0.74,7.85
Mafia II,3.05,7.1
Mafia III,3.9800000000000004,6.85
Magna Carta 2,0.3,6.6
Magna Carta: Tears of Blood,0.22,6.1
Mahjong Cub3D,0.09,6.9
Majin and the Forsaken Kingdom,0.48,7.0
Major League Baseball 2K10,1.11,5.6
Major League Baseball 2K6,1.43,6.9
Major League Baseball 2K7,0.09,6.3
Major League Baseball 2K8,0.03,6.5
Major League Baseball 2K9,0.09,6.0
Major Minor's Majestic March,0.05,4.5
Makai Kingdom: Chronicles of the Sacred Tome,0.12,7.9
Mall Tycoon,0.0,4.7
Mall Tycoon 3,0.0,6.8
Mana Khemia 2: Fall of Alchemy,0.2,8.2
Mana Khemia: Alchemists of Al-Revis,0.06,6.6
Mana Khemia: Alchemists of Al-Revis (JP sales),0.04,6.6
Mana Khemia: Student Alliance,0.11,3.2
Manhunt,1.47,7.85
Manhunt 2,0.54,5.8
Marble Saga: Kororinpa,0.16,7.4
Mario & Sonic at the London 2012 Olympic Games,1.19,6.5
Mario & Sonic at the Olympic Games,5.1,7.0
Mario & Sonic at the Olympic Winter Games,8.01,7.199999999999999
Mario & Sonic at the Sochi 2014 Olympic Winter Games,0.8,5.9
Mario Golf: World Tour,0.49,8.1
Mario Party: Star Rush,0.87,6.2
Mario Party: The Top 100,0.69,5.0
Mario Sports Superstars,0.46,6.0
Mario Tennis Ultra Smash,0.54,6.1
Mario vs. Donkey Kong: Tipping Stars,0.1,6.45
Marvel Nemesis: Rise of the Imperfects,0.7,6.4
Marvel Super Hero Squad: The Infinity Gauntlet,0.1,4.8
Marvel vs. Capcom 2,0.9,8.6
Marvel vs. Capcom 3: Fate of Two Worlds,2.43,8.3
Marvel vs. Capcom: Clash of Super Heroes,0.1,8.5
Marvel: Ultimate Alliance,4.4799999999999995,7.983333333333333
Marvel: Ultimate Alliance 2,1.96,6.933333333333334
Mass Effect,3.58,9.149999999999999
Mass Effect 2,4.95,9.466666666666667
Mass Effect 3,4.78,9.200000000000001
Master of the Monster Lair,0.11,6.9
Mat Hoffman's Pro BMX 2,0.46,8.1
Matt Hazard: Blood Bath and Beyond,0.0,6.6
Max Payne,4.58,8.425
Max Payne 2: The Fall of Max Payne,2.0100000000000002,8.166666666666666
Maximo: Ghosts to Glory,0.77,8.7
Me & My Katamari,0.23,7.2
Mech Platoon,0.0,7.6
Medabots: Infinity,0.05,5.4
Medal of Honor,8.129999999999999,7.766666666666667
Medal of Honor European Assault,0.25,7.9
Medal of Honor Heroes,2.66,6.7
Medal of Honor Heroes 2,1.16,6.6
Medal of Honor: Allied Assault,0.0,9.3
Medal of Honor: Frontline,7.42,8.5
Medal of Honor: Rising Sun,5.55,6.25
MediEvil: Resurrection,0.82,6.5
Medieval Moves: Deadmund's Quest,0.28,7.0
Medieval: Total War,0.0,9.0
Mega Man 11,0.36,8.0
Mega Man Anniversary Collection,0.42,7.5
Mega Man Legacy Collection 1+2,0.25,8.5
Mega Man Maverick Hunter X,0.31,7.9
Mega Man Powered Up,0.14,8.7
Mega Man Star Force 3: Black Ace / Red Joker,0.46,5.7
Mega Man X Collection,0.37,7.5
Mega Man X: Command Mission,0.12,7.2
Mega Man ZX,0.28,8.1
Mega Man ZX Advent,0.33,7.6
Mega Man Zero Collection,0.31,7.5
Men of War,0.03,9.0
Men of War: Assault Squad,0.06,8.0
Mercenaries 2: World in Flames,1.9300000000000002,6.366666666666667
Mercury Meltdown Revolution,0.17,8.0
Metal Gear Ac!d,0.87,7.4
Metal Gear Ac!d 2,0.18,8.3
Metal Gear Online,0.0,8.1
Metal Gear Rising: Revengeance,1.5,9.0
Metal Gear Solid,0.0,8.5
Metal Gear Solid 2: Substance,1.1400000000000001,8.333333333333334
Metal Gear Solid 3: Subsistence,0.55,9.4
Metal Gear Solid HD Collection,0.9,9.149999999999999
Metal Gear Solid V: Ground Zeroes,2.2,8.025
Metal Gear Solid VR Missions,1.18,6.8
Metal Gear Solid: Digital Graphic Novel,0.04,7.6
Metal Gear Solid: Peace Walker,2.08,8.6
Metal Gear Solid: Portable Ops,1.19,8.7
Metal Gear Solid: Portable Ops Plus,0.69,6.9
Metal Gear Solid: Snake Eater 3D,0.42000000000000004,7.9
Metal Gear Solid: The Essential Collection,0.46,9.0
Metal Saga,0.03,6.1
Metal Slug 7,0.14,6.9
Metal Slug XX,0.04,6.9
Meteos,0.23,8.8
Meteos: Disney Magic,0.04,7.3
Metroid Prime Pinball,0.26,7.6
Metroid Prime: Federation Force,0.15,6.3
Metroid Prime: Trilogy,0.61,9.0
Metroid: Other M,1.36,7.7
Metroid: Samus Returns,0.56,9.1
Metroid: Zero Mission,0.84,8.9
MetropolisMania,0.09,6.8
MetropolisMania 2,0.01,4.3
Miami Law,0.1,5.5
Michael Jackson: The Experience,5.24,5.6
Microsoft Flight Simulator,5.12,7.0
Midnight Club 3: DUB Edition,3.66,7.2
Midnight Club: LA Remix,0.99,7.7
Midnight Club: Los Angeles,4.9,8.15
Midway Arcade Treasures,0.17,6.8
Midway Arcade Treasures 2,0.16,7.2
Midway Arcade Treasures 3,0.07,6.1
Midway Arcade Treasures: Extended Play,0.24,5.6
Might & Magic Heroes VI,0.35,7.4
Might & Magic: Clash of Heroes,0.18,8.6
MindJack,0.28,4.55
Minecraft,10.06,7.7
Mini Ninjas,0.71,7.5
Mirror's Edge,2.29,7.65
Mischief Makers,0.43,6.5
Mission: Impossible,1.17,6.6
Mission: Impossible - Operation Surma,0.02,7.3
Mister Mosquito,0.28,6.6
ModNation Racers,1.67,7.9
Monopoly Party,0.13,7.3
Monopoly for Nintendo Switch,0.3,5.3
Monster 4x4: Masters of Metal,0.05,5.1
Monster Boy and the Cursed Kingdom,0.04,8.0
Monster Hunter 3 Ultimate,0.71,8.7
Monster Hunter Generations Ultimate,0.72,7.7
Monster Hunter Stories,0.7,8.1
Monster Hunter: World,0.93,9.4
Monster Tale,0.06,7.7
Monster Truck Madness 64,0.3,5.5
Monsters vs. Aliens,0.17,6.5
"Monsters, Inc. Scream Arena",0.37,3.8
Moon,0.05,6.7
Mortal Kombat,2.7,8.350000000000001
Mortal Kombat (2011),5.73,8.633333333333333
Mortal Kombat vs DC Universe,4.04,7.6
Mortal Kombat: Armageddon,1.29,7.1
Mortal Kombat: Deadly Alliance,2.9000000000000004,8.399999999999999
Mortal Kombat: Deception,2.75,7.333333333333333
Mortal Kombat: Shaolin Monks,0.69,8.0
Mortal Kombat: Unchained,0.74,7.0
MotionSports,0.69,4.1
MotoGP '06,0.14,8.3
MotoGP '07,0.25,7.7
MotoGP 08,0.35,6.8
MotoGP 09/10,0.39,7.0
MotoGP 10/11,0.23,6.0
MotorStorm RC,0.07,8.1
MotorStorm: Apocalypse,0.49,7.6
MotorStorm: Arctic Edge,1.3800000000000001,7.550000000000001
Mount & Blade,0.02,7.2
Mount & Blade: With Fire & Sword,0.0,6.6
Move Fitness,0.21,5.0
Muppet Pinball Mayhem,0.0,7.9
Mushroom Men: The Spore Wars,0.18,7.3
Musynx,0.01,7.5
Mx vs. ATV Reflex,0.72,7.4
My Fitness Coach,2.32,7.1
My Spanish Coach,0.13,7.0
MySims,5.3100000000000005,6.9
MySims Agents,1.05,7.5
MySims SkyHeroes,0.3,6.4
Mystery Case Files: The Malgrave Incident,0.33,6.3
Mystery Dungeon: Shiren the Wanderer,0.52,7.1
Mystic Heroes,0.09,6.8
N3: Ninety-Nine Nights,0.3,6.3
NARC,0.54,5.5
NASCAR,0.1,7.2
NASCAR '14,0.11,7.0
NASCAR 09,0.25,7.1
NASCAR 2011: The Game,0.8,5.433333333333334
NASCAR Thunder 2003,0.31,8.8
NBA,0.21,6.4
NBA 06,0.22,7.2
NBA 07,0.2,6.9
NBA 08,0.03,7.2
NBA 09: The Inside,0.17,8.2
NBA 10 The Inside,0.08,6.5
NBA 2K,0.05,8.9
NBA 2K10,2.55,6.8
NBA 2K11,2.11,8.8
NBA 2K12,4.93,8.866666666666667
NBA 2K13,5.91,8.55
NBA 2K16,6.390000000000001,8.5
NBA 2K17,5.5600000000000005,8.9
NBA 2K18,5.99,7.459999999999999
NBA 2K2,0.12,8.8
NBA 2K6,0.23,8.0
NBA 2K7,1.79,8.275
NBA 2K9,2.3,7.9
NBA Ballers: Rebound,0.1,7.3
NBA Courtside 2002,0.25,7.6
NBA Jam,0.41,8.0
NBA Live 06,0.71,7.3
NBA Live 07,2.34,6.425
NBA Live 08,0.31,6.8
NBA Live 09,0.39,6.1
NBA Live 10,0.78,6.9
NBA Live 2003,0.3,8.4
NBA Live 2004,0.27,8.4
NBA Live 2005,0.45,8.5
NBA Live 99,1.22,8.3
NBA Street Vol. 2,0.54,8.8
NBA Street: Showdown,0.22,7.5
NCAA Football 07,3.36,8.325
NCAA Football 09,0.23,6.5
NCAA Football 09 All-Play,0.16,5.3
NCAA Football 10,2.54,7.8
NCAA Football 11,2.16,7.8
NCAA Football 12,1.83,7.75
NCAA Football 13,2.04,7.3
NCAA Football 14,2.05,7.65
NCAA Football 2003,0.21,9.2
NCAA Football 2004,1.8199999999999998,8.399999999999999
NCAA Gamebreaker,0.26,6.3
NERF N-Strike Elite,1.0,7.5
NFL 2K,1.2,9.7
NFL 2K1,1.09,9.6
NFL 2K3,0.22,9.0
NFL Blitz,1.5,9.1
NFL Blitz 20-03,0.14,7.8
NFL Street,0.35,8.3
NFL Street 2,0.2,8.2
NFL Street 2 Unleashed,0.37,7.4
NFL Street 3,0.27,6.7
NHL 07,0.98,7.6
NHL 09,0.5,9.0
NHL 10,1.23,9.1
NHL 11,1.3199999999999998,8.8
NHL 12,1.2799999999999998,8.7
NHL 13,1.34,8.25
NHL 2K10,0.6499999999999999,7.099999999999999
NHL 2K11,0.27,6.3
NHL 2K6,0.1,7.3
NHL 2K7,0.22,7.966666666666666
NHL FaceOff 2001,0.43000000000000005,5.9
NHL Slapshot,0.42,7.6
NPPL Championship Paintball 2009,0.12,4.9
Namco Museum,0.63,5.3
Namco Museum Arcade Pac,0.11,7.8
Namco Museum Battle Collection,1.09,7.9
Namco Museum: Virtual Arcade,0.31,7.0
Nano Assault,0.08,6.0
Napoleon Dynamite: The Game,0.04,4.3
Napoleon: Total War,0.67,8.5
Naruto Powerful Shippuden,0.16,8.0
Naruto Shippuden: Dragon Blade Chronicles,0.18,4.3
Naruto Shippuden: Kizuna Drive,0.14,7.0
Naruto Shippuden: Legends: Akatsuki Rising,0.15,5.8
Naruto Shippuden: Ultimate Ninja Storm 2,0.78,7.6
Naruto: Clash of Ninja 2,1.04,7.4
Naruto: Rise of a Ninja,0.33,7.8
Naruto: The Broken Bond,0.59,7.6
Naruto: Ultimate Ninja Heroes 2 - The Phantom Fortress,0.16,6.2
Naruto: Ultimate Ninja Storm,1.07,7.8
Naughty Bear,0.85,4.45
Need for Speed (2015),3.46,6.85
Need for Speed Carbon,6.38,7.614285714285715
Need for Speed Carbon: Own the City,2.42,7.4
Need for Speed Underground,7.2,8.6
Need for Speed Underground 2,9.61,7.6000000000000005
Need for Speed Underground Rivals,1.32,7.6
Need for Speed: Hot Pursuit,5.84,7.9
Need for Speed: Hot Pursuit 2,3.73,7.7749999999999995
Need for Speed: Most Wanted,7.220000000000001,8.475
Need for Speed: Most Wanted (2012),5.75,8.26
Need for Speed: Most Wanted 5-1-0,2.09,7.4
Need for Speed: Nitro,1.21,7.1
Need for Speed: Payback,2.93,6.066666666666666
Need for Speed: ProStreet,4.87,6.633333333333333
Need for Speed: Shift,4.62,8.233333333333333
Need for Speed: Shift 2 Unleashed,1.3,8.5
Need for Speed: The Run,3.38,5.9
Need for Speed: Undercover,4.52,5.866666666666667
Neo Contra,0.21,6.9
Neon Genesis Evangelion,0.06,5.6
Neverwinter Nights 2,0.02,8.0
Neverwinter Nights 2: Mask of the Betrayer,0.01,8.0
Neverwinter Nights 2: Storm of Zehir,0.01,7.2
New Gundam Breaker,0.13,2.8
New International Track & Field,0.08,7.4
New Play Control! Pikmin,0.64,7.7
New Play Control! Pikmin 2,0.61,8.7
Ni no Kuni II: Revenant Kingdom,0.89,8.7
NiGHTS into dreams...,0.43,9.1
NiGHTS: Journey of Dreams,0.41,7.0
Nickelodeon Kart Racers,0.13,2.0
NieR,0.9199999999999999,6.5
Night at the Museum: Battle of the Smithsonian,0.11,5.4
Nightmare Creatures,0.26,7.1
Ninja Blade,0.33,6.7
Ninja Gaiden 3: Razor's Edge,0.19,6.5
Ninja Gaiden Black,0.09,9.5
Ninja Gaiden Sigma 2,0.85,8.5
Nintendo Labo: Toy-Con 02 Robot Kit,0.36,7.0
Nintendo Labo: Toy-Con 03 Vehicle Kit,0.41,7.0
Nintendo Pocket Football Club,0.12,7.0
No Man's Sky,2.26,6.8
No More Heroes,0.56,8.2
No More Heroes 2: Desperate Struggle,0.4,8.5
No More Heroes: Heroes' Paradise,0.2,7.4
Nostalgia,0.19,7.2
Obscure,0.07,6.8
Obscure: The Aftermath,0.09,6.5
Octomania,0.06,6.7
Odama,0.11,6.5
Oddworld: Abe's Exoddus,0.99,8.6
Oddworld: Abe's Oddysee,1.24,8.3
Odin Sphere,0.56,8.0
Ogre Battle 64: Person of Lordly Caliber,0.41,9.1
Ogre Battle Saga Episode Five: The March of the Black Queen,0.2,7.6
Ogre Battle Series: Tactics Ogre,0.08,7.9
OkamiDen,0.43,8.3
One Piece: Pirate Warriors 3 - Deluxe Edition,0.06,8.5
Open Season,0.5900000000000001,6.444444444444445
Operation Flashpoint: Dragon Rising,1.9100000000000001,7.433333333333334
Operation Flashpoint: Red River,0.67,6.933333333333334
Opoona,0.1,6.4
Otomedius Excellent,0.18,7.0
Over G Fighters,0.22,5.1
Over the Hedge,1.27,6.725
Overcooked Special Edition,0.11,8.4
Overcooked! 2,0.29,8.4
Overlord,0.4,7.7
Overlord: Dark Legend,0.37,7.0
Overwatch,8.18,9.0
Owlboy,0.05,9.0
P.N.03 - Product Number Three,0.08,6.3
PES 2009: Pro Evolution Soccer,3.36,7.8
PGR3 - Project Gotham Racing 3,0.6,8.8
PGR4 - Project Gotham Racing 4,2.04,8.6
PGR: Project Gotham Racing 2,1.67,8.9
Pac-Man & Galaga Dimensions,0.19,5.7
Pac-Man Fever,0.28,5.1
Pac-Man World 2,0.37,7.5
Pac-Pix,0.27,6.8
Panzer Dragoon Orta,0.26,8.8
Panzer Dragoon Saga,0.11,9.1
Paper Mario,0.0,9.0
Paper Mario: Color Splash,0.87,7.4
Paperboy,0.24,8.0
Patapon,0.82,8.7
Patapon 2,0.11,8.2
Patapon 3,0.28,7.4
Patrician IV,0.04,6.7
Payday 2,0.44,5.75
PenPen TriIceLon,0.06,5.8
Penny-Punching Princess,0.03,6.5
Penumbra: Overture,0.0,6.9
Persona,0.45,8.1
Persona 2: Eternal Punishment,0.35,8.7
Peter Jackson's King Kong: The Official Game of the Movie,0.69,7.333333333333333
Petz Catz Clan,0.55,5.0
Petz Monkeyz House,0.22,5.5
Petz Sports,0.47,5.0
Petz: Crazy Monkeyz,0.26,3.5
Phalanx,0.0,5.0
Phantasy Star Collection,0.11,7.9
Phantasy Star Online,0.2,8.9
Phantasy Star Online Episode I & II,0.6,8.2
Phantasy Star Online Episode III: C.A.R.D. Revolution,0.08,7.4
Phantasy Star Online Ver. 2,0.19,8.3
Phantasy Star Universe,0.12,6.5
Phantom Brave: The Hermuda Triangle,0.1,7.2
Phantom Brave: We Meet Again,0.13,7.6
Phantom Dust,0.11,8.2
Philosoma,0.05,5.0
Phineas and Ferb: Across the 2nd Dimension,0.32,6.8
Phoenix Wright: Ace Attorney,0.93,8.1
Phoenix Wright: Ace Attorney - Dual Destinies,0.38,8.1
Phoenix Wright: Ace Attorney - Justice for All,0.53,7.6
Phoenix Wright: Ace Attorney - Trials and Tribulations,0.62,7.9
Phoenix Wright: Ace Attorney: Spirit of Justice,0.29,8.1
Picross 3D,0.5,8.7
Picross 3D Round 2,0.12,8.6
Picross DS,0.5,8.4
Pillars of Eternity,0.16,8.3
PilotWings Resort,0.96,6.9
Pimp My Ride,0.11,3.8
Pinball Hall of Fame: The Gottlieb Collection,0.23,7.2
Pinball Hall of Fame: The Williams Collection,0.11,8.0
Pirates of Black Cove,0.01,5.5
Pirates of the Caribbean: At World's End,0.42,6.0
Pirates of the Caribbean: Dead Man's Chest,0.28,4.3
PixelJunk Monsters Deluxe,0.12,8.7
Planescape: Torment,0.03,8.8
Planet 51,0.11,5.7
Planet Puzzle League,0.33,8.6
Plants vs Zombies: Garden Warfare,1.8399999999999999,7.8
Plants vs. Zombies,1.3800000000000001,8.5
PlayStation Move Ape Escape,0.04,4.0
PlayStation Move Heroes,0.18,4.8
Pocket Pool,0.04,3.4
Pocket Racers,0.01,3.8
Poi,0.07,5.0
Pok√©Park 2: Wonders Beyond,0.76,6.5
Pok√©mon Art Academy,0.5,7.8
Pok√©mon Channel,0.38,5.2
Pok√©mon Dash,0.77,5.3
Pok√©mon Rumble U,0.0,5.7
Pok√©mon Rumble World,0.11,7.0
Polarium,0.26,7.6
Poochy & Yoshi's Woolly World,0.55,7.5
Portal 2,3.79,9.6
Portal Runner,0.13,6.7
Power Gig: Rise of the SixString,0.26,3.45
Power Rangers: Dino Thunder,0.4,5.3
Power Stone,0.14,8.6
PowerUp Heroes,0.3,4.0
Prey,0.36,8.35
Primal,0.43,7.1
Prince of Persia,2.08,8.25
Prince of Persia Trilogy,0.51,8.3
Prince of Persia: Revelations,0.21,6.3
Prince of Persia: Rival Swords,0.29,7.0
Prince of Persia: The Forgotten Sands,0.86,7.5
Prince of Persia: The Sands of Time,3.48,9.0
Prince of Persia: The Two Thrones,0.15,8.7
Prince of Persia: Warrior Within,0.2,8.2
"Prinny 2: Dawn of Operation Panties, Dood!",0.11,6.3
Prinny: Can I Really Be the Hero?,0.11,7.2
Prison Break: The Conspiracy,0.45999999999999996,3.033333333333333
Pro Evolution Soccer 2008,6.2,7.699999999999999
Pro Evolution Soccer 2010,5.17,7.325
Pro Evolution Soccer 2011,3.08,6.0
Pro Evolution Soccer 2011 3D,0.38,7.5
Pro Evolution Soccer 2012,2.78,7.3999999999999995
Pro Evolution Soccer 2014,1.4400000000000002,8.166666666666666
Professor Layton and the Azran Legacy,0.81,8.0
Professor Layton vs Ace Attorney,0.82,8.1
Project CARS 2,0.75,8.85
Project Sylpheed: Arc of Deception,0.15,6.7
Project X Zone 2,0.19,6.6
Pryzm Chapter One: The Dark Unicorn,0.12,6.3
Psychonauts,0.21,8.733333333333334
Puchi Puchi Virus,0.09,7.4
Pure,3.3600000000000003,7.65
Pure (JP sales),0.0,7.0
Pure Farming 2018,0.04,7.0
Pure Futbol,0.42,3.9
Pursuit Force,0.17,7.4
Pursuit Force: Extreme Justice,0.17,7.4
Puyo Pop Fever,0.01,7.9
Puzzle Challenge: Crosswords and More!,0.2,6.4
Puzzle Chronicles,0.1,6.5
Quake 4,0.39,7.699999999999999
Quest 64,0.47,5.4
R-Type Final,0.19,8.1
R.U.S.E.,1.03,8.0
R4: Ridge Racer Type 4,2.06,9.1
R: Racing Evolution,0.08,6.1
RIFT,0.7,8.3
RPG Maker 3,0.06,7.0
RPG Maker: Fes,0.07,7.0
Rabbids Go Home,1.8499999999999999,8.4
Rabbids Land,0.03,6.1
Racquet Sports,0.34,4.2
Radiant Historia,0.3,8.5
Radiant Historia: Perfect Chronology,0.21,8.1
Radiant Silvergun,0.03,9.0
Rage,3.29,7.866666666666667
Ragnarok DS,0.22,7.0
Raiden IV,0.12,7.0
Railroad Tycoon 3,0.03,8.8
Railroad Tycoon II,0.11,6.6
Ratatouille,4.41,6.166666666666667
Ratchet & Clank: Quest for Booty,0.55,7.6
Ratchet & Clank: Size Matters,3.75,8.5
Rave Master,0.05,6.8
Raving Rabbids: Travel in Time 3D,0.38,5.8
Rayman,3.03,7.0
Rayman 2: Revolution,0.3,8.7
Rayman 2: The Great Escape,0.96,8.933333333333332
Rayman 3,0.14,7.9
Rayman 3: Hoodlum Havoc,0.45999999999999996,7.575
Rayman 3D,0.64,6.3
Rayman Arena,0.81,5.75
Rayman DS,0.26,5.4
Rayman Legends,1.37,7.0
Rayman Origins,1.78,8.75
Rayman Raving Rabbids,1.63,6.95
Rayman Raving Rabbids 2,1.84,6.6
Rayman Raving Rabbids: TV Party,2.03,7.1
Rayman: Hoodlum's Revenge,0.06,6.2
Ready 2 Rumble Boxing,1.67,7.699999999999999
Ready 2 Rumble Boxing: Round 2,1.57,6.525
Ready 2 Rumble Revolution,0.16,3.1
Real Heroes: Firefighter,0.64,7.4
Record of Agarest War,0.2,7.0
Record of Agarest War Zero,0.23,6.35
Red Dead Redemption,13.07,9.5
Red Dead Redemption 2,13.94,9.8
Red Dead Redemption: Undead Nightmare,2.29,10.0
Red Faction,1.92,8.6
Red Faction II,1.65,7.95
Red Faction: Armageddon,0.8500000000000001,7.05
Red Faction: Guerrilla,1.64,8.433333333333334
Red Orchestra 2: Heroes of Stalingrad,0.13,7.7
Rengoku: The Tower of Purgatory,0.11,4.7
Reservoir Dogs,0.0,5.6
Resident Evil,0.17,7.3
Resident Evil - Code: Veronica X,0.06,5.6
Resident Evil 2,0.6200000000000001,7.45
Resident Evil 3: Nemesis,0.08,6.5
Resident Evil 5,8.629999999999999,8.6
Resident Evil 5: Gold Edition,0.0,9.2
Resident Evil Archives: Resident Evil,0.3,7.6
Resident Evil Archives: Resident Evil Zero,0.24,5.8
Resident Evil Outbreak File #2,0.57,5.8
Resident Evil: Dead Aim,0.35,6.7
Resident Evil: Deadly Silence,0.26,6.7
Resident Evil: Revelations,2.31,7.5
Resident Evil: The Darkside Chronicles,1.05,7.2
Resident Evil: The Mercenaries 3D,0.49,6.3
Resistance: Burning Skies,0.44,4.8
Resistance: Retribution,0.9,8.0
Resonance of Fate,1.07,7.45
Retro Game Challenge,0.11,8.1
Return to PopoloCrois: A Story of Seasons Fairytale,0.22,7.0
Rez,0.05,9.0
Rhapsody: A Musical Adventure,0.09,6.7
Rhythm Thief & the Emperor's Treasure,0.28,7.5
RiME,0.26,5.8
Ride 3,0.07,7.3
Ridge Racer,0.79,9.0
Ridge Racer 2,0.1,7.5
Ridge Racer 6,0.2,7.9
Ridge Racer DS,0.15,6.3
Ring of Red,0.11,8.0
Rise of Nations: Rise of Legends,0.03,8.3
Rise of the Argonauts,0.37,5.166666666666667
Risen,0.33,6.85
Risen 2: Dark Waters,0.37,5.5
Risen 3: Titan Lords Enhanced Edition,0.07,1.0
Riviera: The Promised Land,0.1,8.7
RoadKill,0.03,7.7
Roadsters,0.03,4.5
Roadsters 99,0.2,6.4
Robert Ludlum's The Bourne Conspiracy,0.39,7.6
Robotech: Battlecry,0.16,7.2
Robots,0.14,4.5
Rock Band,7.28,8.625
Rock Band 2,5.3100000000000005,8.75
Rock Band 3,2.18,9.075
Rock Band Unplugged,0.5,8.0
Rock Revolution,0.29,3.6
Rock of the Dead,0.05,5.0
Rocket League,3.92,8.774999999999999
Rocket: Robot on Wheels,0.12,8.3
Rocksmith,2.26,8.0
Rocksmith 2014,3.17,8.875
Rockstar Games Double Pack: Grand Theft Auto III & Grand Theft Auto Vice City,4.21,9.75
Rockstar Games presents Table Tennis,2.01,7.449999999999999
Rocky,0.09,7.0
Rodea the Sky Soldier,0.14,7.0
Rogue Galaxy,0.84,8.3
Rogue Ops,0.05,6.1
Rogue Trooper: Quartz Zone Massacre,0.07,8.0
Rogue Warrior,0.24,2.75
RollerCoaster Tycoon,0.17,7.1
RollerCoaster Tycoon 2,1.25,7.3
Rome: Total War,0.11,9.0
Rooms: The Main Building,0.06,7.0
Ruff Trigger: The Vanocore Conspiracy,0.02,5.9
Rugby 2004,0.22,5.0
Rugby World Cup 2011,0.6000000000000001,4.65
Rule of Rose,0.02,5.9
Rumble Roses XX,0.13,6.5
Rune Factory 2: A Fantasy Harvest Moon,0.52,7.9
Rune Factory 3: A Fantasy Harvest Moon,0.41,8.0
Rune Factory: A Fantasy Harvest Moon,0.53,8.1
Rune Factory: Frontier,0.37,7.9
Rune Factory: Tides of Destiny,0.23,6.5
Runner3,0.02,7.5
R√©publique,0.02,6.5
S.T.A.L.K.E.R.: Call of Pripyat,0.06,8.0
S.T.A.L.K.E.R.: Clear Sky,0.03,7.0
SAW,0.64,6.1
SNK Arcade Classics Vol. 1,0.15,6.7
SOCOM 4: U.S. Navy SEALs,0.9,7.0
SOCOM: Tactical Strike,0.36,7.1
SOCOM: U.S. Navy SEALs,3.65,8.0
SOCOM: U.S. Navy SEALs Confrontation,1.26,6.3
SOCOM: U.S. Navy SEALs Fireteam Bravo,1.12,7.9
SOCOM: U.S. Navy SEALs Fireteam Bravo 2,1.05,8.2
SOCOM: U.S. Navy SEALs Fireteam Bravo 3,0.45,7.5
SSX 3,0.38,9.5
SSX Tricky,2.27,8.8
SSX on Tour,0.23,8.2
STORM: Frontline Nation,0.01,7.0
SaGa Frontier 2,0.94,7.4
Sacred 2: Fallen Angel,1.15,7.05
Saints Row 2,4.79,7.466666666666666
Saints Row: The Third,5.63,8.3
Sakura Wars,0.11,7.6
"Sakura Wars: So Long, My Love",0.39999999999999997,8.100000000000001
Sam & Max Hit the Road,0.0,9.0
Sam & Max: Season One,0.15,7.1
Samba De Amigo,0.89,6.7
Samurai Shodown Sen,0.08,4.8
Samurai Warriors 2,0.69,5.5
Samurai Warriors 3,0.44,5.1
Samurai Warriors: State of War,0.19,6.5
Sands of Destruction,0.23,6.5
Saw II: Flesh & Blood,0.33999999999999997,4.550000000000001
Scaler,0.04,7.3
Scarface: Money. Power. Respect.,0.16,6.4
Scene It? Box Office Smash,0.65,7.6
Scene It? Bright Lights! Big Screen!,0.14,6.2
School Tycoon,0.0,6.9
Scooby-Doo! and the Spooky Swamp,0.45,7.6
Scribblenauts: Unlimited,0.38,7.0
Sea of Thieves,0.96,6.9
Seaman,0.52,8.1
Second Sight,0.26,7.65
Secret Agent Clank,0.74,7.0
Secret Agent Clank(US sales),0.55,7.2
Section 8,0.27,7.1
Seek and Destroy,1.06,5.6
Sega 3D Classics Collection,0.05,7.0
Sega GT,0.13,7.8
Sega Genesis Collection,1.45,8.3
Sega Rally Championship 2,0.41,8.5
Sega Superstars Tennis,5.470000000000001,6.76
Sengoku Basara: Samurai Heroes,0.9299999999999999,6.05
Sesame Street: Once Upon A Monster,0.52,8.0
Shadow Hearts,0.28,7.0
Shadow Hearts: Covenant,0.24,8.1
Shadow Hearts: From The New World,0.14,7.6
Shadow The Hedgehog,1.17,4.95
Shadow Tower,0.1,5.7
Shadow of Destiny,0.11,6.8
Shadow of the Colossus,2.34,9.2
Shadowgate 64: Trials of the Four Towers,0.07,5.4
Shadowrun (2007),0.47,6.3
Shadows of the Damned,0.46,7.75
Shantae and the Pirate's Curse,0.1,7.7
Shaun White Skateboarding,0.36,6.35
Shaun White Snowboarding,2.35,6.18
Shaun White Snowboarding: Road Trip,1.66,7.8
Shaun White Snowboarding: World Stage,0.3,7.2
ShellShock 2: Blood Trails,0.09,3.2
Shenmue II,0.47,8.3
Sherlock Holmes: The Awakened,0.0,6.0
Shin Megami Tensei IV: Apocalypse,0.37,8.1
Shin Megami Tensei: Devil Summoner - Raidou Kuzunoha vs the Soulless Army,0.09,7.4
Shin Megami Tensei: Devil Survivor 2 Record Breaker,0.13,8.4
Shin Megami Tensei: Devil Survivor Overclocked,0.44,7.6
Shin Megami Tensei: Digital Devil Saga,0.13,7.6
Shin Megami Tensei: Digital Devil Saga 2,0.08,8.1
Shin Megami Tensei: Persona 2: Innocent Sin,0.32,7.0
Shin Megami Tensei: Persona 3,0.45,8.7
Shin Megami Tensei: Persona 3 FES,0.63,8.7
Shining Force II,0.19,9.0
Shining Force: Resurrection of the Dark Dragon,0.08,7.8
Shinobi,0.23,7.0
Shiren the Wanderer,0.19,7.4
Shogun: Total War,0.01,8.8
Shonen Jump's One Piece: Pirates Carnival,0.08,4.6
Shrek 2,3.43,6.275
Shrek Extra Large,0.17,3.0
Shrek Super Party,0.05,4.9
Sid Meier's Civilization II,0.0,9.1
Sid Meier's Civilization III,0.0,8.6
Sid Meier's Civilization Revolution,2.06,8.333333333333334
Sid Meier's Civilization VI,0.25,9.4
Sid Meier's Pirates!,0.36,7.5
Silent Hill: Homecoming,0.8400000000000001,7.5
Silent Hill: Origins,0.52,7.8
Silent Hill: Shattered Memories,1.3699999999999999,7.7
Sim Theme Park,2.71,8.3
SimAnimals Africa,0.12,5.5
SimCity 2000,2.14,8.0
SimCity 3000 Unlimited,0.01,6.9
SimCity 4,0.28,8.7
Sin and Punishment: Star Successor,0.43,8.4
Sine Mora EX,0.04,8.0
Sing Party,0.3,6.8
SingStar,1.86,8.0
SingStar Queen,0.44,6.8
Singularity,0.61,7.666666666666667
Siren: Blood Curse,0.28,8.3
Skate 2,1.9300000000000002,8.2
Skate 3,2.71,8.3
Skate it,0.58,6.6
Skies of Arcadia,0.09,9.2
Skies of Arcadia Legends,0.22,8.6
Skylanders Imaginators,0.23,6.9
Skylanders SWAP Force,0.27,7.7
Skylanders: Spyro's Adventure,3.73,8.0
Skylanders: SuperChargers,0.59,8.0
Sleeping Dogs,1.9100000000000001,8.0
Sleeping Dogs: Definitive Edition,0.2,7.5
Smarty Pants,1.43,6.5
Smashing Drive,0.07,4.7
Sniper Elite,0.02,7.4
Sniper Elite V2,1.8399999999999999,7.133333333333333
Sniper: Ghost Warrior,1.9899999999999998,4.4
"Snipperclips Plus: Cut It Out, Together!",0.12,8.2
Snowboard Kids,0.2,8.0
Solatorobo: Red the Hunter,0.2,7.6
Sonic & SEGA All-Stars Racing,3.46,8.066666666666668
Sonic & SEGA All-Stars Racing with Banjo-Kazooie,0.77,7.7
Sonic & Sega All-Stars Racing Transformed,0.53,6.9
Sonic Adventure,2.42,8.9
Sonic Adventure 2,0.12,8.9
Sonic Boom: Fire & Ice,0.25,6.9
Sonic Boom: Rise of Lyric,0.31,3.7
Sonic Boom: Shattered Crystal,0.29,3.8
Sonic Chronicles: The Dark Brotherhood,0.88,7.3
Sonic Classic Collection,1.86,7.5
Sonic Forces,0.74,5.4
Sonic Free Riders,1.1,4.9
Sonic Gems Collection,0.42,6.9
Sonic Generations,4.15,7.4
Sonic Lost World,0.85,5.6
Sonic Mania,0.47,8.8
Sonic Riders: Zero Gravity,0.91,5.8
Sonic Rivals,1.44,7.0
Sonic Rivals 2,1.52,6.4
Sonic Unleashed,2.74,5.966666666666666
Sonic's Ultimate Genesis Collection,3.84,8.1
Soul Blade,1.59,8.6
Soul Bubbles,0.08,7.0
Soul Calibur IV,0.01,8.4
SoulCalibur II,1.5,9.2
SoulCalibur II(JP sales),0.03,9.3
SoulCalibur Legends,0.18,4.8
SoulCalibur: Broken Destiny,0.51,8.0
South Park,1.8499999999999999,3.85
South Park Rally,0.36,3.9
South Park: Chef's Luv Shack,0.55,4.25
South Park: The Fractured But Whole,0.14,9.5
Space Invaders Extreme,0.24,8.25
Space Invaders Extreme 2,0.19,8.1
Space Raiders,0.01,2.9
Space Siege,0.0,4.0
Space Station Silicon Valley,0.15,8.3
Spartan: Total Warrior,0.42000000000000004,7.1000000000000005
Spawn the Eternal,0.24,1.9
Spectral Force 3,0.09,5.9
Spectrobes,0.75,6.2
Spectrobes: Beyond the Portals,0.52,7.3
Spectrobes: Origins,0.19,7.4
Speed Kings,0.02,6.7
SpellForce 2: Shadow Wars,0.0,8.2
Spelling Challenges and more!,0.25,4.5
Sphinx and the Cursed Mummy,0.14,8.4
Spider-Man 2,7.63,7.133333333333333
Spider-Man 3,3.41,5.8999999999999995
Spider-Man: Edge of Time,0.37,5.65
Spider-Man: Friend or Foe,1.46,5.466666666666666
Spider-Man: Shattered Dimensions,0.6,7.85
Spider-Man: The Movie,8.4,7.85
Spider-Man: Web of Shadows,1.24,6.6000000000000005
Spider-Man: Web of Shadows - Amazing Allies Edition,0.16,7.7
Spirit Camera: The Cursed Memoir,0.25,5.7
Split/Second,0.6,8.4
SpongeBob SquarePants: Battle for Bikini Bottom,3.19,6.6000000000000005
SpongeBob SquarePants: The Yellow Avenger,0.92,5.7
SpongeBob SquigglePants,0.41,5.4
SpongeBob SquigglePants 3D,0.19,6.1
Spore,1.16,7.0
Spore Creatures,1.07,7.2
Spore Hero,0.4,5.8
Spore Hero Arena,0.19,4.9
Sports Champions,3.88,7.6
Spot Goes to Hollywood,0.07,4.4
Spy Games: Elevator Mission,0.06,2.0
Spy Hunter,0.2,7.9
Spyborgs,0.11,6.3
Spyro: A Hero's Tail,0.29,6.4
Spyro: Enter the Dragonfly,0.71,5.0
Star Fox Command,0.53,7.2
Star Fox: Assault,1.08,6.6
Star Fox: Zero,0.44,6.7
Star Ocean: First Departure,0.65,7.5
Star Ocean: Second Evolution,0.34,8.0
Star Ocean: The Last Hope International,0.73,8.1
Star Trek Bridge Crew,0.28,6.8
Star Trek Online,0.02,5.9
Star Trek: Conquest,0.11,6.3
Star Trek: Legacy,0.19999999999999998,5.85
Star Trek: The Game,0.21,5.2
Star Wars Battlefront,3.61,8.1
Star Wars Battlefront (2015),12.67,7.166666666666667
Star Wars Battlefront II,4.81,7.7
Star Wars Battlefront: Elite Squadron,1.26,5.95
Star Wars Battlefront: Renegade Squadron,1.68,7.5
Star Wars Episode I: Battle for Naboo,0.26,8.5
Star Wars Episode III: Revenge of the Sith,0.31,7.3
Star Wars Jedi Knight II: Jedi Outcast,0.23,8.05
Star Wars Racer Revenge,0.31,7.8
Star Wars Rogue Leader: Rogue Squadron II,1.9,9.2
Star Wars Rogue Squadron III: Rebel Strike,0.8,8.3
Star Wars The Clone Wars: Republic Heroes,1.2000000000000002,5.35
Star Wars: Clone Wars,0.4,7.3
Star Wars: Knights of the Old Republic,2.19,9.4
Star Wars: Lethal Alliance,0.13,6.3
Star Wars: Masters of Teras Kasi,0.68,6.8
Star Wars: The Force Unleashed,7.94,6.949999999999999
Star Wars: The Force Unleashed II,3.98,6.0600000000000005
StarCraft II: Legacy of the Void,0.57,8.8
Starcraft 64,0.16,8.0
Stardew Valley,0.13,8.8
Starlink: Battle for Atlas,0.57,7.5
Starshot: Space Circus Fever,0.03,5.2
Starsky & Hutch,1.26,6.0
Start the Party!,0.62,6.1
State of Decay 2,0.46,7.0
State of Emergency,1.76,8.0
Steambot Chronicles,0.04,7.2
Steel Battalion,0.1,7.7
Steel Diver,0.5,5.6
Stella Deus: The Gate of Eternity,0.08,7.3
Stella Glow,0.26,7.5
Still Life,0.0,6.4
Still Life 2,0.02,7.3
Stoked: Big Air Edition,0.04,8.6
Stormrise,0.15,4.4
Story of Seasons,0.44,7.7
Story of Seasons: Trio of Towns,0.49,7.9
Stranglehold,0.83,8.0
Street Cleaning Simulator,0.01,1.5
Street Fighter 30th Anniversary Collection,0.19,8.5
Street Fighter Alpha 2,1.34,8.1
Street Fighter Alpha 3 MAX,0.33,7.8
Street Fighter IV,7.2700000000000005,9.233333333333334
Stronghold 3,0.19,4.1
Stronghold Crusader Extreme,0.02,4.3
Style Savvy: Styling Star,0.45,8.5
Sudoku Ball Detective,0.06,5.0
Suikoden,0.6,8.2
Suikoden II,0.68,8.5
Suikoden III,0.98,8.6
Suikoden IV,0.66,6.3
Suikoden Tierkreis,0.27,7.7
Suikoden V,0.35,7.9
Summon Night: Twin Age,0.13,7.3
Summoner: A Goddess Reborn,0.05,8.0
Sunset Overdrive,1.16,8.0
Super Bomberman R,0.87,6.3
Super Bubble Pop,0.05,4.2
Super Lucky's Tale,0.22,6.5
Super Monkey Ball,1.46,9.0
Super Monkey Ball 3D,0.5,5.7
Super Monkey Ball: Step & Roll,0.39,6.0
Super Scribblenauts,1.47,7.9
Super Street Fighter IV: Arcade Edition,0.08,8.5
Superman Returns,0.33,4.4
Supremacy MMA,0.21000000000000002,5.0
Supreme Commander,0.13,7.199999999999999
Supreme Commander 2,0.34,8.2
Supreme Commander: Forged Alliance,0.04,8.1
Surf's Up,0.1,6.2
Sushi Striker: The Way of Sushido,0.07,7.9
Syberia,0.03,8.0
Syberia II,0.02,7.5
Syphon Filter: Dark Mirror,0.3,8.5
Syphon Filter: Logan's Shadow,0.46,8.4
System Shock 2,0.0,8.9
TMNT,0.11,3.6
TMNT: Mutant Melee,0.07,4.2
TNA iMPACT!,1.23,6.025
TNA iMPACT: Cross the Line,0.05,3.5
TRINITY: Souls of Zill O'll,0.14,5.5
TV Superstars,0.26,6.2
Tactics Ogre: Let Us Cling Together,0.54,9.0
Tactics Ogre: The Knight of Lodis,0.5,8.5
Taiko Drum Master,0.2,8.1
Tail Concerto,0.03,7.3
Tales of Destiny II,0.81,7.5
Tales of Vesperia,1.2,8.05
Tank! Tank! Tank!,0.07,4.7
Tatsunoko vs. Capcom: Ultimate All-Stars,0.54,8.3
Taz Wanted,0.31,5.666666666666667
Team Fortress 2,0.0,9.2
Teen Titans,0.5800000000000001,6.449999999999999
Teenage Mutant Ninja Turtles,4.17,5.9
Teenage Mutant Ninja Turtles 2: Battle Nexus,0.19,5.0
Teenage Mutant Ninja Turtles: Arcade Attack,0.13,4.3
Teenage Mutant Ninja Turtles: Smash-Up,0.5599999999999999,7.2
Tekken 2,5.74,9.1
Tekken 3D: Prime Edition,0.21,6.5
Tekken 4,3.44,7.9
Tekken Advance,0.45,8.3
Tekken Hybrid,0.36,4.0
Tekken Tag Tournament,4.05,8.7
Tekken Tag Tournament 2,0.19,8.1
Tenchu 2: Birth of the Stealth Assassins,0.58,8.5
Tenchu Z,0.34,5.7
Tenchu: Shadow Assassins,0.32999999999999996,7.25
Tenchu: Stealth Assassins,1.99,8.8
Tenkai Knights: Brave Battle,0.02,4.5
Terminator 3: The Redemption,0.02,6.8
Terminator Salvation,0.88,5.1
Teslagrad,0.0,7.0
Test Drive Unlimited,0.85,7.833333333333333
Test Drive Unlimited 2,1.5,6.8
Tetris Axis,0.44,7.8
Tetris Party Deluxe,0.56,7.3
Tetris Worlds,0.22,4.6
The 3rd Birthday,0.52,7.0
The Adventures of Jimmy Neutron Boy Genius vs. Jimmy Negatron,0.26,6.0
The Adventures of Jimmy Neutron Boy Genius: Jet Fusion,0.35,5.5
The Adventures of Tintin: The Game,0.24,5.0
The Alliance Alive,0.11,7.3
The Amazing Spider-Man (2012),1.84,6.775
The Ant Bully,0.04,5.2
The BIGS,0.11,7.6
The BIGS 2,0.39,6.55
The Beatles: Rock Band,4.140000000000001,8.866666666666667
The Bible Game,0.12,3.5
The Biggest Loser,1.07,7.7
The Biggest Loser: Ultimate Workout,0.9,8.0
The Binding of Isaac: Afterbirth+,0.28,9.0
The Book of Unwritten Tales,0.1,7.9
The Chronicles of Narnia: Prince Caspian,0.18,6.3
"The Chronicles of Narnia: The Lion, The Witch and The Wardrobe",0.67,6.8
The Chronicles of Riddick: Assault on Dark Athena,0.5499999999999999,8.066666666666666
The City of Lost Children,0.01,4.9
The Club,0.27,7.5
The Con,0.21,6.8
The Crew 2,0.82,6.5
The Cursed Crusade,0.17,4.0
The Darkness,0.44,8.3
The Elder Scrolls III: Morrowind,2.86,8.45
The Elder Scrolls III: Morrowind Game of the Year Edition,1.03,8.3
The Elder Scrolls IV: Oblivion,7.84,9.233333333333333
The Elder Scrolls IV: Oblivion - Game of the Year Edition,0.0,8.5
The Elder Scrolls IV: Shivering Isles,0.18,8.9
The Elder Scrolls Online: Summerset,0.1,7.5
The Elder Scrolls V: Skyrim,20.51,9.025
The Elder Scrolls V: Skyrim Special Edition,5.1899999999999995,8.2
The Evil Within,2.55,7.800000000000001
The Eye of Judgment,0.34,7.5
The Fairly Odd Parents: Clash with the Anti-World,0.15,3.5
The Fairly Odd Parents: Shadow Showdown,0.35,5.0
The Fifth Element,0.14,3.7
The Fight: Lights Out,0.59,4.7
The First Templar,0.1,7.0
The Flintstones: Big Trouble in Bedrock,0.03,4.0
The Getaway,3.54,7.7
The Godfather II,1.53,6.300000000000001
The Godfather: Blackhand Edition,0.15,7.4
The Godfather: Mob Wars,0.1,6.2
The Golden Compass,1.12,3.8333333333333335
The Granstream Saga,0.14,7.6
The Grim Adventures Of Billy & Mandy,0.05,6.6
The Grim Adventures of Billy & Mandy,0.17,7.2
The Gunstringer,0.4,7.6
The Haunted: Hell's Reach,0.02,5.3
The Hobbit,0.36,5.75
The House of The Dead III,0.39,6.8
The House of the Dead,0.13,7.5
The House of the Dead 2,0.26,7.5
The House of the Dead 2 & 3 Return,1.45,6.5
The House of the Dead: Overkill,0.85,7.9
The House of the Dead: Overkill - Extended Cut,0.37,7.2
The ICO & Shadow of the Colossus Collection,1.34,9.0
The Incredible Hulk,0.8200000000000001,5.8
The Incredible Hulk: Ultimate Destruction,0.15,8.7
The Incredibles,5.2700000000000005,6.0
The Incredibles: Rise of the Underminer,0.63,6.5
The Invincible Iron Man,0.04,6.4
The King of Fighters '99,0.11,7.0
The King of Fighters EX2: Howling Blood,0.08,7.9
The King of Fighters XII,0.27,6.2
The King of Fighters XIII,0.3,7.8
The King of Fighters: Dream Match 1999,0.1,7.2
The King of Fighters: Evolution,0.07,7.6
The LEGO Movie Videogame,0.71,6.0
The Last Guardian,1.29,7.9
The Last Remnant,0.01,7.3
The Legend of Dragoon,1.86,7.8
The Legend of Heroes: A Tear of Vermillion,0.09,6.9
The Legend of Heroes: Trails in the Sky,0.1,8.1
The Legend of Heroes: Trails of Cold Steel III,0.13,7.0
The Legend of Legacy,0.29,6.0
The Legend of Spyro: A New Beginning,0.56,6.8
The Legend of Zelda: Four Swords Adventures,0.81,8.4
The Legend of Zelda: Oracle of Ages,1.92,9.4
The Legend of Zelda: Oracle of Seasons,1.86,9.3
The Legendary Starfy,0.85,7.1
The Lord of the Rings: Aragorn's Quest,0.23,6.4
The Lord of the Rings: Conquest,1.5,5.775
The Lord of the Rings: The Battle for Middle-Earth II,0.07,8.1
The Lord of the Rings: The Return of the King,5.67,8.325
The Lord of the Rings: The Third Age,0.29,7.9
The Lord of the Rings: The Two Towers,4.67,8.3
The Lord of the Rings: War in the North,1.91,6.533333333333334
The Lost Child,0.03,7.5
The Mark,0.0,3.0
The Matrix: Path of Neo,0.8,6.7
The Movies,0.04,8.2
The Munchables,0.18,8.0
The Next BIG Thing,0.06,6.8
The Nightmare of Druaga: Fushigino Dungeon,0.05,6.4
The Operative: No One Lives Forever,0.14,7.85
The Orange Box,3.0300000000000002,9.366666666666665
The Order: 1886,1.62,6.2
The Outfit,0.25,7.0
The Polar Express,0.11,3.3
The Powerpuff Girls: Relish Rampage,0.45,3.8
The Rub Rabbits!,0.07,7.3
The Saboteur,1.05,7.133333333333333
The Scorpion King: Rise of the Akkadian,0.11,5.2
The Settlers 7: Paths to a Kingdom,0.31,7.8
The Simpsons Game,3.0100000000000002,6.8
The Simpsons: Hit & Run,5.69,7.949999999999999
The Simpsons: Road Rage,3.8499999999999996,6.05
The Sims,0.05,8.9
The Sims 2,2.0,7.566666666666666
The Sims 2 Holiday Edition,0.0,2.0
The Sims 2: Nightlife,1.27,7.5
The Sims 2: Pets,3.1399999999999997,5.833333333333333
The Sims 3,13.74,7.540000000000001
The Sims 3: Ambitions,0.45,7.9
The Sims 3: Generations,0.63,6.5
The Sims 3: Late Night Expansion Pack,1.69,7.5
The Sims 3: Pets,0.54,7.266666666666667
The Sims 3: World Adventures,0.57,8.2
The Sims 4,4.1,7.0
The Sims Medieval: Pirates and Nobles,0.15,5.5
The Sims: Bustin' Out,0.66,7.9
The Sims: Medieval,0.7,7.2
The Sims: Unleashed,3.76,7.3
The Sky Crawlers: Innocent Aces,0.12,7.3
The Sly Collection,0.69,8.7
The SpongeBob SquarePants Movie,3.24,6.5
The Sum of All Fears,0.03,3.2
The Tomb Raider Trilogy,0.89,8.5
The Typing of the Dead,0.05,8.6
The Urbz: Sims in the City,0.4,7.6
The Walking Dead: A Telltale Games Series,0.82,9.7
The Warriors,0.28,8.1
The Witcher 2: Assassins of Kings,0.98,8.8
The Witcher: Enhanced Edition,0.33,8.3
The Wizard of Oz: Beyond The Yellow Brick Road,0.15,6.4
The Wonderful 101,0.36,8.0
The World Ends with You: Final Remix,0.27,7.4
Theme Hospital,2.4899999999999998,6.35
Theme Park Roller Coaster,0.48,7.9
Thor: God of Thunder,0.67,5.26
Threads of Fate,0.21,7.8
Thrillville,0.2,7.4
Thrillville: Off the Rails,0.0,8.1
Tiger Woods PGA Tour,0.21,8.0
Tiger Woods PGA Tour 06,0.51,7.45
Tiger Woods PGA Tour 07,2.63,7.785714285714286
Tiger Woods PGA Tour 08,1.4,7.45
Tiger Woods PGA Tour 09,1.01,6.85
Tiger Woods PGA Tour 10,2.74,8.45
Tiger Woods PGA Tour 11,1.8900000000000001,8.1
Tigger's Honey Hunt,0.2,7.3
Time Crisis,1.68,8.5
Time Crisis 4,0.83,6.1
Time Crisis: Razing Storm,0.54,5.8
TimeShift,0.41,7.0
TimeSplitters 2,0.7,9.1
TimeSplitters: Future Perfect,0.08,8.4
Titan Quest: Immortal Throne,0.0,8.3
Titanfall 2,1.72,8.9
Tobal No.1,0.92,7.7
Tokyo Mirage Sessions #FE,0.33,8.0
Tom Clancy's EndWar,1.02,7.35
Tom Clancy's Ghost Recon 2,0.07,5.7
Tom Clancy's Ghost Recon Advanced Warfighter 2,0.53,6.5
Tom Clancy's Ghost Recon Wildlands,4.7700000000000005,7.366666666666667
Tom Clancy's Ghost Recon: Shadow Wars,0.34,7.9
Tom Clancy's HAWX,1.1400000000000001,7.2
Tom Clancy's Rainbow Six 3,0.06,6.5
Tom Clancy's Rainbow Six: Vegas,2.7,7.300000000000001
Tom Clancy's Rainbow Six: Vegas 2,3.76,8.2
Tom Clancy's Splinter Cell,3.02,9.3
Tom Clancy's Splinter Cell 3D,0.3,8.0
Tom Clancy's Splinter Cell Trilogy,0.11,6.5
Tom Clancy's Splinter Cell: Blacklist,2.32,8.7
Tom Clancy's Splinter Cell: Chaos Theory,1.2100000000000002,8.6
Tom Clancy's Splinter Cell: Conviction,2.16,8.3
Tom Clancy's Splinter Cell: Double Agent,1.1,7.466666666666666
Tom Clancy's Splinter Cell: Essentials,0.2,5.6
Tom Clancy's Splinter Cell: Pandora Tomorrow,1.56,7.949999999999999
Tomb Raider,5.66,8.8
Tomb Raider (2013),4.41,8.7
Tomb Raider II,7.53,7.8999999999999995
Tomb Raider III: Adventures of Lara Croft,4.16,7.75
Tomb Raider: Anniversary,1.81,7.466666666666666
Tomb Raider: Legend,1.1300000000000001,7.666666666666667
Tomb Raider: Underworld,2.86,7.4
Tomba!,0.26,8.6
Tony Hawk's American Sk8land,0.44999999999999996,7.35
Tony Hawk's American Wasteland,0.74,8.3
Tony Hawk's Pro Skater,8.459999999999999,8.666666666666666
Tony Hawk's Pro Skater 2,6.619999999999999,8.925
Tony Hawk's Pro Skater 3,5.3100000000000005,8.766666666666666
Tony Hawk's Pro Skater 4,4.25,9.399999999999999
Tony Hawk's Project 8,2.55,7.3
Tony Hawk's Proving Ground,0.56,7.2
Tony Hawk's Underground,4.6,8.85
Tony Hawk's Underground 2,0.5,8.55
Tony Hawk's Underground 2 Remix,0.82,8.5
Tony Hawk: RIDE,2.16,4.3999999999999995
Too Human,0.78,6.5
Top Gear RPM Tuning,0.02,4.9
Top Spin 2,0.23,6.575
Top Spin 3,1.13,7.949999999999999
Top Spin 4,1.24,6.8
Torchlight,0.07,8.4
TouchMaster,2.0,6.9
Tour de France 2011,0.0,6.0
Toy Story 3: The Video Game,1.85,7.5
Trace Memory,0.29,6.5
TrackMania DS,0.08,7.5
TrackMania: Build to Race,0.23,7.0
Trainz,0.0,8.4
Transformers,1.29,7.8
Transformers: Cybertron Adventures,0.27,3.7
Transformers: Dark of the Moon,1.02,4.5
Transformers: Revenge of the Fallen,1.74,5.466666666666666
Transformers: The Game,1.25,4.75
Transformers: War for Cybertron,1.0899999999999999,7.5
Trapped Dead,0.02,4.0
Trauma Center: New Blood,0.29,7.5
Trauma Center: Second Opinion,0.34,8.2
Trauma Center: Under the Knife,0.36,8.0
Trauma Center: Under the Knife 2,0.11,8.2
Trauma Team,0.17,8.1
Trigger Man,0.02,2.0
Trine,0.01,8.1
Trine 2: Director's Cut,0.04,7.8
Trinity Universe,0.18,6.2
Trivial Pursuit,0.57,7.3
Tropico,0.0,8.7
Tropico 2: Pirate Cove,0.0,8.3
Tropico 3,0.26,7.9
Tropico 4,0.26,7.9
True Crime: New York City,0.17,6.4
True Crime: Streets of LA,0.56,8.1
Tube Slider,0.02,5.9
Turning Point: Fall of Liberty,0.29,4.3
Turok,0.75,6.6
Turok: Evolution,0.38,7.4
Twin Sector,0.0,4.2
Twisted Metal,1.56,7.0
Twisted Metal (2012),0.83,7.9
Twisted Metal 2,2.44,8.7
Twisted Metal 4,1.28,6.7
Twisted Metal III,1.73,4.4
Twisted Metal: Black,1.41,8.9
Twisted Metal: Head On,0.77,7.5
Two Worlds,0.02,7.4
Two Worlds II,1.01,6.5
Ty the Tasmanian Tiger,1.6199999999999999,6.766666666666667
Ty the Tasmanian Tiger 2: Bush Rescue,0.8400000000000001,7.2
Ty the Tasmanian Tiger 3: Night of the Quinkan,0.3,6.233333333333333
Tycoon City: New York,0.02,6.2
UEFA Euro 2008 Austria-Switzerland,0.25,6.9
UFC 2009 Undisputed,3.83,8.4
UFC Personal Trainer: The Ultimate Fitness System,0.99,5.25
UFC Undisputed 2010,2.95,8.233333333333333
Ultimate Fighting Championship: Throwdown,0.08,6.7
Ultimate Ghosts 'n Goblins,0.08,7.3
Ultimate Marvel vs. Capcom 3,0.07,8.3
Ultimate Mortal Kombat,0.09,7.3
Ultimate Muscle - The Kinnikuman Legacy: Legends vs New Generation,0.14,8.0
Ultimate NES Remix,0.33,7.0
Ultra Street Fighter II: The Final Challengers,0.57,7.0
Uncharted 2: Among Thieves,6.74,9.5
Uncharted: Drake's Fortune,4.97,8.7
Uncharted: Golden Abyss,1.62,7.9
Undead Knights,0.12,6.6
Undertale,0.03,9.35
Universal Studios Theme Parks Adventure,0.1,5.1
Unreal Tournament 2003,0.01,9.0
Unreal Tournament 2004,0.02,9.4
Unreal Tournament III,1.2,8.266666666666667
Unsolved Crimes,0.05,6.0
Untold Legends: Brotherhood of the Blade,1.09,6.5
Untold Legends: The Warriors Code,0.33,6.8
Up,0.29,6.5
Urban Reign,0.08,7.5
Vagrant Story,0.87,9.3
Valhalla Knights,0.24,5.2
Valhalla Knights 2,0.23,5.0
Valkyria Chronicles 4,0.19,8.6
Valkyria Chronicles II,0.54,8.1
Vampire Night,0.14,6.4
Vampire Rain,0.21,3.9
Vampire Rain: Altered Species,0.06,3.5
Vancouver 2010 - The Official Video Game of the Olympic Winter Games,0.23,5.0
Vandal Hearts,0.45,7.7
Vandal Hearts II,0.1,7.2
Vanguard Bandits,0.07,6.4
Vanquish,1.03,8.4
Velvet Assassin,0.18,5.75
Venetica,0.3,5.3999999999999995
Vexx,0.4,6.366666666666667
Victoria II,0.0,8.1
Victorious Boxers: Revolution,0.14,5.8
Viewtiful Joe,0.62,9.4
Viewtiful Joe: Red Hot Rumble,0.06,6.2
Viking: Battle for Asgard,0.8200000000000001,6.4
Vin Diesel: Wheelman,0.77,6.7
Virtua Fighter,1.07,9.0
Virtua Fighter 3tb,0.37,8.1
Virtua Fighter 4: Evolution,0.71,8.9
Virtua Fighter 5,1.08,8.7
Virtua Fighter 5 Online,0.28,9.2
Virtua Fighter Kids,0.23,6.6
Virtua Quest,0.01,5.4
Virtua Striker 2002,0.05,6.6
Virtua Tennis 2009,0.75,6.949999999999999
Virtua Tennis 4,0.8300000000000001,6.033333333333334
Viva Pinata,0.02,8.0
Viva Pinata: Party Animals,0.23,5.5
Viva Pinata: Pocket Paradise,0.55,8.1
Viva Pinata: Trouble in Paradise,0.47,8.5
WRC 2: FIA World Rally Championship,0.07,5.8
WWE '12,2.45,8.25
WWE 2K14,2.3200000000000003,7.6
WWE All Stars,0.98,7.433333333333334
WWE Day of Reckoning,0.45,8.1
WWE Day of Reckoning 2,0.34,8.3
WWE SmackDown vs Raw 2008,3.95,7.3
WWE SmackDown vs. RAW 2007,3.74,7.933333333333334
WWE SmackDown vs. Raw 2009,2.5,7.966666666666666
WWE SmackDown vs. Raw 2010,2.94,8.033333333333333
WWE SmackDown vs. Raw 2011,0.88,7.1
WWE SmackDown! vs. RAW 2006,0.4,8.1
WWE SmackDown! vs. Raw 2006,3.0,8.4
WWE Wrestlemania XIX,0.33,7.8
WWF No Mercy,1.5,9.1
WWF Raw (2002),0.55,6.5
WWF SmackDown! 2: Know Your Role,3.2,8.7
Wall-E,2.02,6.833333333333333
Wallace & Gromit in Project Zoo,0.07,6.6
Wanted: Weapons of Fate,0.6599999999999999,6.2
WarCraft II: The Dark Saga,0.31,7.3
"Warhammer 40,000: Dawn of War - Dark Crusade",0.0,8.8
"Warhammer 40,000: Dawn of War II",0.47,8.7
"Warhammer 40,000: Dawn of War II - Chaos Rising",0.1,8.6
"Warhammer 40,000: Dawn of War II - Retribution",0.08,7.9
"Warhammer 40,000: Dawn of War: Soulstorm",0.02,6.9
"Warhammer 40,000: Space Marine",1.01,7.3
"Warhammer 40,000: Squad Command",0.33,6.6
Warhawk,1.06,8.4
Wario World,0.44,7.5
WarioWare D.I.Y.,0.59,8.3
WarioWare Gold,0.28,8.1
Warriors Orochi,0.2,6.4
Warriors Orochi 2,0.48,4.733333333333333
Wave Race: Blue Storm,0.6,8.4
Way of the Samurai 3,0.52,6.5
Wayne Gretzky's 3D Hockey,0.53,8.1
We Dance,0.16,3.5
We Love Katamari,0.52,8.2
Wet,1.12,6.9
Wetrix,0.08,8.6
White Knight Chronicles II,0.63,5.4
White Knight Chronicles: International Edition,0.95,6.3
Wii Fit U,0.86,7.2
Wii Sports Club,0.38,6.7
Wild ARMs,0.95,8.9
Wild ARMs 2,0.67,6.5
Wild ARMs 3,0.62,7.6
Wild ARMs 4,0.14,6.6
Wild ARMs 5,0.28,7.5
Wild ARMs: Alter Code F,0.09,7.2
Winning Eleven: Pro Evolution Soccer 2007,5.25,8.5
Winx Club: Join the Club,0.01,3.6
WipEout HD Fury,0.07,9.1
WipEout Pulse,0.32,8.2
WipEout Pure,1.04,9.1
WipEout XL,0.25,8.8
Wolfenstein,1.23,7.0
Wolfenstein II: The New Colossus,1.4700000000000002,8.65
Wolfenstein: The Old Blood,0.15,8.0
Wonder Boy: The Dragon's Trap (Remake),0.05,7.4
WordJong,0.15,7.5
World Championship Cards,0.2,3.9
World Championship Poker 2: Featuring Howard Lederer,0.14,7.0
World Championship Poker: Howard Lederer - All In,0.14,5.1
World Series of Poker,0.26,4.0
World Series of Poker: Tournament of Champions 2007 Edition,0.34,6.075
World Soccer Winning Eleven 8 International,3.85,9.3
World Soccer Winning Eleven 9,4.06,8.9
World Soccer Winning Eleven 9 (JP & Others sales),1.2,8.0
World Tour Soccer,1.07,7.0
World in Conflict,0.03,9.1
World in Conflict: Soviet Assault,0.0,6.1
World of Final Fantasy,0.62,6.7
World of Goo,0.03,9.0
World of Tanks,0.28,7.8
Worldwide Soccer Manager 2007,0.02,8.9
Worms 3D,0.07,7.5
Worms Reloaded,0.05,8.5
Worms: Open Warfare 2,0.45,8.1
Wreckless: ThE YaKuza MisSiOns,0.06,6.4
X-Blades,0.28,6.1000000000000005
X-Men Legends,3.36,8.466666666666667
X-Men Legends II: Rise of Apocalypse,1.6199999999999999,8.28
X-Men Origins: Wolverine,0.2,5.4
X-Men Origins: Wolverine - Uncaged Edition,1.43,7.05
X-Men: Destiny,0.64,3.825
X-Men: Next Dimension,0.13,7.0
X-Men: The Official Game,0.27,4.85
X2: Wolverine's Revenge,1.17,6.325
XCOM: Enemy Unknown,1.94,8.966666666666667
XGIII: Extreme G Racing,0.15,8.6
XGRA: Extreme G Racing Association,0.02,7.4
Xbox Live Arcade Unplugged Volume 1,0.07,7.4
Xenoblade Chronicles,1.48,8.95
Xenoblade Chronicles 2: Torna ~ The Golden Country,0.16,7.5
Xenoblade Chronicles X,0.84,8.1
Yoku's Island Express,0.04,9.0
You Don't Know Jack,1.11,7.933333333333333
You're in the Movies,0.48,5.1
Your Shape featuring Jenny McCarthy,2.16,6.0
Ys I & II Chronicles,0.09,6.4
Ys Seven,0.23,7.6
Ys VIII: Lacrimosa of Dana,0.11,8.5
Ys: The Ark of Napishtim,0.18,6.75
Ys: The Oath in Felghana,0.15,8.2
Yu-Gi-Oh! 5D's Stardust Accelerator: World Championship 2009,0.4,7.5
Yu-Gi-Oh! 5D's Tag Force 4,0.44,7.0
Yu-Gi-Oh! 5D's Wheelie Breakers,0.1,7.5
Yu-Gi-Oh! 5D's World Championship 2010 Reverse of Arcadia,0.31,7.6
Yu-Gi-Oh! Dark Duel Stories,0.83,6.2
Yu-Gi-Oh! Forbidden Memories (JP sales),0.48,6.3
Yu-Gi-Oh! GX: Tag Force,0.13,6.0
Yu-Gi-Oh! The Falsebound Kingdom,0.71,4.4
Z.H.P. Unlosing Ranger vs Darkdeath Evilman,0.15,8.0
Zack & Wiki: Quest for Barbaros' Treasure,0.42,8.7
Zapper: One Wicked Cricket!,0.34,5.833333333333333
Zatch Bell! Electric Arena,0.03,4.4
Zatch Bell! Mamodo Battles,0.06,7.0
Zero Escape: Virtue's Last Reward,0.03,9.0
Zero Escape: Zero Time Dilemma,0.12,7.7
Zero: Tsukihami no Kamen,0.08,7.5
Zoids Assault,0.09,5.2
Zoids: Battle Legends,0.15,5.0
Zombi,0.07,7.5
ZombiU,0.84,6.9
Zone of the Enders,0.75,7.5
Zone of the Enders: The 2nd Runner,0.41,8.6
Zoo Keeper,0.17,7.2
Zoo Tycoon 2,0.06,7.2
Zoo Tycoon 2 DS,0.29,6.9
Zoo Tycoon 2: African Adventure,0.0,4.0
Zoo Tycoon 2: Endangered Species,0.0,6.2
Zoo Tycoon 2: Extinct Animals,0.01,7.6
Zoo Tycoon DS,0.98,4.6
ZooCube,0.07,7.75
Zubo,0.11,7.5
Zuma's Revenge!,0.01,8.3
[Prototype],2.55,8.0
bit Generations: Boundish,0.0,4.0
bit Generations: Dialhex,0.01,7.0
bit Generations: Dotstream,0.01,8.0
de Blob 2,0.65,7.725
echochrome,0.09,7.6
echoshift,0.0,7.5
inFAMOUS 2,1.87,8.1
